W0204 17:02:03.650000 127783560028480 torch/distributed/run.py:779] 
W0204 17:02:03.650000 127783560028480 torch/distributed/run.py:779] *****************************************
W0204 17:02:03.650000 127783560028480 torch/distributed/run.py:779] Setting OMP_NUM_THREADS environment variable for each process to be 1 in default, to avoid your system being overloaded, please further tune the variable for optimal performance in your application as needed. 
W0204 17:02:03.650000 127783560028480 torch/distributed/run.py:779] *****************************************
Overriding: dataset = openwebtext
Overriding: data_dir = nanoGPT/data/openwebtext
Overriding: out_dir = out_ebt_openwebtext
Overriding: resume_latest = True
Overriding: max_iters = 500000
Overriding: lr_decay_iters = 500000
Overriding: warmup_iters = 2000
Overriding: eval_interval = 500
Overriding: batch_size = 2
Overriding: gradient_accumulation_steps = 4
Overriding: block_size = 512
Overriding: n_layer = 8
Overriding: n_head = 8
Overriding: n_embd = 512
Overriding: tokenizer = gpt2
Overriding: compile = True
Overriding: mcmc_num_steps = 2
Overriding: mcmc_step_size = 16.0
Overriding: normalize_initial_condition = True
Overriding: clamp_futures_grad = True
Overriding: dataset = openwebtext
Overriding: data_dir = nanoGPT/data/openwebtext
Overriding: out_dir = out_ebt_openwebtext
Overriding: resume_latest = True
Overriding: max_iters = 500000
Overriding: lr_decay_iters = 500000
Overriding: warmup_iters = 2000
Overriding: eval_interval = 500
Overriding: batch_size = 2
Overriding: gradient_accumulation_steps = 4
Overriding: block_size = 512
Overriding: n_layer = 8
Overriding: n_head = 8
Overriding: n_embd = 512
Overriding: tokenizer = gpt2
Overriding: compile = True
Overriding: mcmc_num_steps = 2
Overriding: mcmc_step_size = 16.0
Overriding: normalize_initial_condition = True
Overriding: clamp_futures_grad = True
Overriding: dataset = openwebtext
Overriding: data_dir = nanoGPT/data/openwebtext
Overriding: out_dir = out_ebt_openwebtext
Overriding: resume_latest = True
Overriding: max_iters = 500000
Overriding: lr_decay_iters = 500000
Overriding: warmup_iters = 2000
Overriding: eval_interval = 500
Overriding: batch_size = 2
Overriding: gradient_accumulation_steps = 4
Overriding: block_size = 512
Overriding: n_layer = 8
Overriding: n_head = 8
Overriding: n_embd = 512
Overriding: tokenizer = gpt2
Overriding: compile = True
Overriding: mcmc_num_steps = 2
Overriding: mcmc_step_size = 16.0
Overriding: normalize_initial_condition = True
Overriding: clamp_futures_grad = True
Overriding: dataset = openwebtext
Overriding: data_dir = nanoGPT/data/openwebtext
Overriding: out_dir = out_ebt_openwebtext
Overriding: resume_latest = True
Overriding: max_iters = 500000
Overriding: lr_decay_iters = 500000
Overriding: warmup_iters = 2000
Overriding: eval_interval = 500
Overriding: batch_size = 2
Overriding: gradient_accumulation_steps = 4
Overriding: block_size = 512
Overriding: n_layer = 8
Overriding: n_head = 8
Overriding: n_embd = 512
Overriding: tokenizer = gpt2
Overriding: compile = True
Overriding: mcmc_num_steps = 2
Overriding: mcmc_step_size = 16.0
Overriding: normalize_initial_condition = True
Overriding: clamp_futures_grad = True
tokens per iteration will be: 4,096
tokens per iteration will be: 4,096
compiling the model... (takes a ~minute)
tokens per iteration will be: 4,096
tokens per iteration will be: 4,096
compiling the model... (takes a ~minute)
compiling the model... (takes a ~minute)
compiling the model... (takes a ~minute)
/workspace/energy-coding/train.py:454: FutureWarning: You are using `torch.load` with `weights_only=False` (the current default value), which uses the default pickle module implicitly. It is possible to construct malicious pickle data which will execute arbitrary code during unpickling (See https://github.com/pytorch/pytorch/blob/main/SECURITY.md#untrusted-models for more details). In a future release, the default value for `weights_only` will be flipped to `True`. This limits the functions that could be executed during unpickling. Arbitrary objects will no longer be allowed to be loaded via this mode unless they are explicitly allowlisted by the user via `torch.serialization.add_safe_globals`. We recommend you start setting `weights_only=True` for any use case where you don't have full control of the loaded file. Please open an issue on GitHub for any issues related to this experimental feature.
  checkpoint = torch.load(ckpt_path, map_location=device)
/workspace/energy-coding/train.py:454: FutureWarning: You are using `torch.load` with `weights_only=False` (the current default value), which uses the default pickle module implicitly. It is possible to construct malicious pickle data which will execute arbitrary code during unpickling (See https://github.com/pytorch/pytorch/blob/main/SECURITY.md#untrusted-models for more details). In a future release, the default value for `weights_only` will be flipped to `True`. This limits the functions that could be executed during unpickling. Arbitrary objects will no longer be allowed to be loaded via this mode unless they are explicitly allowlisted by the user via `torch.serialization.add_safe_globals`. We recommend you start setting `weights_only=True` for any use case where you don't have full control of the loaded file. Please open an issue on GitHub for any issues related to this experimental feature.
  checkpoint = torch.load(ckpt_path, map_location=device)
model parameters: 66,152,450 (66.15M)
estimated training memory: 1.19 GiB
available memory: 135.81 GiB
/workspace/energy-coding/train.py:454: FutureWarning: You are using `torch.load` with `weights_only=False` (the current default value), which uses the default pickle module implicitly. It is possible to construct malicious pickle data which will execute arbitrary code during unpickling (See https://github.com/pytorch/pytorch/blob/main/SECURITY.md#untrusted-models for more details). In a future release, the default value for `weights_only` will be flipped to `True`. This limits the functions that could be executed during unpickling. Arbitrary objects will no longer be allowed to be loaded via this mode unless they are explicitly allowlisted by the user via `torch.serialization.add_safe_globals`. We recommend you start setting `weights_only=True` for any use case where you don't have full control of the loaded file. Please open an issue on GitHub for any issues related to this experimental feature.
  checkpoint = torch.load(ckpt_path, map_location=device)
/workspace/energy-coding/train.py:454: FutureWarning: You are using `torch.load` with `weights_only=False` (the current default value), which uses the default pickle module implicitly. It is possible to construct malicious pickle data which will execute arbitrary code during unpickling (See https://github.com/pytorch/pytorch/blob/main/SECURITY.md#untrusted-models for more details). In a future release, the default value for `weights_only` will be flipped to `True`. This limits the functions that could be executed during unpickling. Arbitrary objects will no longer be allowed to be loaded via this mode unless they are explicitly allowlisted by the user via `torch.serialization.add_safe_globals`. We recommend you start setting `weights_only=True` for any use case where you don't have full control of the loaded file. Please open an issue on GitHub for any issues related to this experimental feature.
  checkpoint = torch.load(ckpt_path, map_location=device)
step 2000: train loss 18.1661, val loss 18.2636
saving checkpoint to out_ebt_openwebtext
iter 2000: loss 17.7488, time 45597.93ms, mfu -100.00%
iter 2001: loss 16.8582, time 148.50ms, mfu -100.00%
iter 2002: loss 15.0574, time 145.07ms, mfu -100.00%
iter 2003: loss 13.5518, time 155.53ms, mfu -100.00%
iter 2004: loss 13.8111, time 179.87ms, mfu -100.00%
iter 2005: loss 13.9536, time 177.24ms, mfu 0.00%
iter 2006: loss 12.7605, time 174.55ms, mfu 0.00%
iter 2007: loss 14.2669, time 187.39ms, mfu 0.00%
iter 2008: loss 13.2983, time 176.51ms, mfu 0.00%
iter 2009: loss 14.9128, time 176.27ms, mfu 0.00%
iter 2010: loss 13.7295, time 172.35ms, mfu 0.00%
iter 2011: loss 12.5993, time 172.05ms, mfu 0.00%
iter 2012: loss 11.5375, time 172.34ms, mfu 0.00%
iter 2013: loss 11.9618, time 171.86ms, mfu 0.00%
iter 2014: loss 13.2114, time 172.63ms, mfu 0.00%
iter 2015: loss 12.2462, time 172.08ms, mfu 0.00%
iter 2016: loss 12.2327, time 172.71ms, mfu 0.00%
iter 2017: loss 12.7592, time 172.24ms, mfu 0.00%
iter 2018: loss 12.1769, time 172.35ms, mfu 0.00%
iter 2019: loss 12.2282, time 172.14ms, mfu 0.00%
iter 2020: loss 11.9413, time 172.35ms, mfu 0.00%
iter 2021: loss 12.2869, time 171.98ms, mfu 0.00%
iter 2022: loss 11.8142, time 172.22ms, mfu 0.00%
iter 2023: loss 12.0973, time 172.10ms, mfu 0.00%
iter 2024: loss 11.6222, time 171.98ms, mfu 0.00%
iter 2025: loss 11.8887, time 171.99ms, mfu 0.00%
iter 2026: loss 11.7453, time 172.18ms, mfu 0.00%
iter 2027: loss 11.6337, time 178.76ms, mfu 0.00%
iter 2028: loss 11.5468, time 183.63ms, mfu 0.00%
iter 2029: loss 11.5805, time 183.38ms, mfu 0.00%
iter 2030: loss 12.3672, time 183.42ms, mfu 0.00%
iter 2031: loss 11.8493, time 177.09ms, mfu 0.00%
iter 2032: loss 11.5719, time 169.21ms, mfu 0.00%
iter 2033: loss 11.8048, time 171.72ms, mfu 0.00%
iter 2034: loss 11.5430, time 171.79ms, mfu 0.00%
iter 2035: loss 11.8995, time 171.54ms, mfu 0.00%
iter 2036: loss 11.7611, time 172.21ms, mfu 0.00%
iter 2037: loss 11.6224, time 174.97ms, mfu 0.00%
iter 2038: loss 11.6073, time 173.10ms, mfu 0.00%
iter 2039: loss 11.6001, time 172.16ms, mfu 0.00%
iter 2040: loss 11.5859, time 172.51ms, mfu 0.00%
iter 2041: loss 12.1978, time 171.97ms, mfu 0.00%
iter 2042: loss 11.3379, time 171.78ms, mfu 0.00%
iter 2043: loss 12.3401, time 174.81ms, mfu 0.00%
iter 2044: loss 11.8989, time 171.85ms, mfu 0.00%
iter 2045: loss 11.4024, time 172.00ms, mfu 0.00%
iter 2046: loss 11.0860, time 172.22ms, mfu 0.00%
iter 2047: loss 11.7651, time 171.87ms, mfu 0.00%
iter 2048: loss 12.3138, time 171.87ms, mfu 0.00%
iter 2049: loss 11.5164, time 173.43ms, mfu 0.00%
iter 2050: loss 11.4294, time 171.98ms, mfu 0.00%
iter 2051: loss 12.5656, time 171.91ms, mfu 0.00%
iter 2052: loss 12.1921, time 172.15ms, mfu 0.00%
iter 2053: loss 11.3658, time 171.76ms, mfu 0.00%
iter 2054: loss 11.4580, time 171.64ms, mfu 0.00%
iter 2055: loss 10.2035, time 171.74ms, mfu 0.00%
iter 2056: loss 10.5364, time 171.89ms, mfu 0.00%
iter 2057: loss 11.2322, time 172.71ms, mfu 0.00%
iter 2058: loss 10.6428, time 171.52ms, mfu 0.00%
iter 2059: loss 10.4063, time 171.97ms, mfu 0.00%
iter 2060: loss 10.5603, time 171.93ms, mfu 0.00%
iter 2061: loss 10.0601, time 172.68ms, mfu 0.00%
iter 2062: loss 9.7358, time 172.46ms, mfu 0.00%
iter 2063: loss 9.5324, time 172.01ms, mfu 0.00%
iter 2064: loss 8.8270, time 171.91ms, mfu 0.00%
iter 2065: loss 9.0858, time 173.08ms, mfu 0.00%
iter 2066: loss 9.4773, time 172.12ms, mfu 0.00%
iter 2067: loss 8.2630, time 172.13ms, mfu 0.00%
iter 2068: loss 8.5653, time 171.93ms, mfu 0.00%
iter 2069: loss 8.8862, time 171.81ms, mfu 0.00%
iter 2070: loss 10.8240, time 171.79ms, mfu 0.00%
iter 2071: loss 8.3580, time 171.75ms, mfu 0.00%
iter 2072: loss 7.8514, time 172.23ms, mfu 0.00%
iter 2073: loss 8.0595, time 172.40ms, mfu 0.00%
iter 2074: loss 8.1885, time 172.28ms, mfu 0.00%
iter 2075: loss 8.0281, time 172.48ms, mfu 0.00%
iter 2076: loss 7.8012, time 171.41ms, mfu 0.00%
iter 2077: loss 7.1165, time 171.94ms, mfu 0.00%
iter 2078: loss 7.9583, time 171.96ms, mfu 0.00%
iter 2079: loss 8.0001, time 172.12ms, mfu 0.00%
iter 2080: loss 7.8498, time 172.29ms, mfu 0.00%
iter 2081: loss 7.6096, time 172.18ms, mfu 0.00%
iter 2082: loss 7.6799, time 172.20ms, mfu 0.00%
iter 2083: loss 7.9025, time 172.29ms, mfu 0.00%
iter 2084: loss 7.2525, time 172.30ms, mfu 0.00%
iter 2085: loss 7.4290, time 176.51ms, mfu 0.00%
iter 2086: loss 7.6441, time 172.86ms, mfu 0.00%
iter 2087: loss 7.2731, time 172.24ms, mfu 0.00%
iter 2088: loss 8.1697, time 172.55ms, mfu 0.00%
iter 2089: loss 7.5167, time 172.60ms, mfu 0.00%
iter 2090: loss 7.9632, time 171.99ms, mfu 0.00%
iter 2091: loss 7.6278, time 171.73ms, mfu 0.00%
iter 2092: loss 7.5302, time 171.89ms, mfu 0.00%
iter 2093: loss 7.1213, time 171.90ms, mfu 0.00%
iter 2094: loss 8.3041, time 172.30ms, mfu 0.00%
iter 2095: loss 9.1238, time 172.47ms, mfu 0.00%
iter 2096: loss 8.1139, time 172.39ms, mfu 0.00%
iter 2097: loss 7.3021, time 172.01ms, mfu 0.00%
iter 2098: loss 7.8780, time 172.31ms, mfu 0.00%
iter 2099: loss 7.4946, time 171.96ms, mfu 0.00%
iter 2100: loss 7.6635, time 172.12ms, mfu 0.00%
iter 2101: loss 7.3135, time 171.75ms, mfu 0.00%
iter 2102: loss 7.3427, time 172.31ms, mfu 0.00%
iter 2103: loss 7.5488, time 173.01ms, mfu 0.00%
iter 2104: loss 6.9379, time 173.26ms, mfu 0.00%
iter 2105: loss 7.5179, time 171.91ms, mfu 0.00%
iter 2106: loss 7.0660, time 172.48ms, mfu 0.00%
iter 2107: loss 7.0727, time 171.88ms, mfu 0.00%
iter 2108: loss 7.1773, time 171.95ms, mfu 0.00%
iter 2109: loss 7.0416, time 172.94ms, mfu 0.00%
iter 2110: loss 7.2120, time 173.75ms, mfu 0.00%
iter 2111: loss 7.3702, time 171.84ms, mfu 0.00%
iter 2112: loss 7.3037, time 171.93ms, mfu 0.00%
iter 2113: loss 7.1038, time 172.26ms, mfu 0.00%
iter 2114: loss 6.9304, time 172.12ms, mfu 0.00%
iter 2115: loss 6.4114, time 171.98ms, mfu 0.00%
iter 2116: loss 7.6117, time 171.79ms, mfu 0.00%
iter 2117: loss 6.8499, time 172.32ms, mfu 0.00%
iter 2118: loss 7.2126, time 171.95ms, mfu 0.00%
iter 2119: loss 6.8302, time 172.22ms, mfu 0.00%
iter 2120: loss 6.4515, time 171.92ms, mfu 0.00%
iter 2121: loss 6.7128, time 171.85ms, mfu 0.00%
iter 2122: loss 6.9000, time 172.10ms, mfu 0.00%
iter 2123: loss 7.2707, time 172.27ms, mfu 0.00%
iter 2124: loss 6.5854, time 172.17ms, mfu 0.00%
iter 2125: loss 6.9211, time 171.80ms, mfu 0.00%
iter 2126: loss 7.1396, time 171.28ms, mfu 0.00%
iter 2127: loss 6.6879, time 172.57ms, mfu 0.00%
iter 2128: loss 7.2488, time 171.87ms, mfu 0.00%
iter 2129: loss 6.0611, time 172.00ms, mfu 0.00%
iter 2130: loss 6.3312, time 172.32ms, mfu 0.00%
iter 2131: loss 6.6626, time 171.82ms, mfu 0.00%
iter 2132: loss 7.1003, time 172.49ms, mfu 0.00%
iter 2133: loss 6.2899, time 174.02ms, mfu 0.00%
iter 2134: loss 7.6170, time 172.73ms, mfu 0.00%
iter 2135: loss 7.2938, time 172.07ms, mfu 0.00%
iter 2136: loss 6.9197, time 171.90ms, mfu 0.00%
iter 2137: loss 7.1820, time 172.03ms, mfu 0.00%
iter 2138: loss 7.2144, time 172.17ms, mfu 0.00%
iter 2139: loss 6.9530, time 172.08ms, mfu 0.00%
iter 2140: loss 7.0160, time 171.84ms, mfu 0.00%
iter 2141: loss 7.1537, time 172.22ms, mfu 0.00%
iter 2142: loss 8.0064, time 172.46ms, mfu 0.00%
iter 2143: loss 7.2079, time 171.84ms, mfu 0.00%
iter 2144: loss 6.4715, time 172.04ms, mfu 0.00%
iter 2145: loss 7.0947, time 172.04ms, mfu 0.00%
iter 2146: loss 6.8554, time 171.94ms, mfu 0.00%
iter 2147: loss 6.9908, time 172.60ms, mfu 0.00%
iter 2148: loss 6.3091, time 172.03ms, mfu 0.00%
iter 2149: loss 7.0295, time 172.01ms, mfu 0.00%
iter 2150: loss 6.8220, time 172.27ms, mfu 0.00%
iter 2151: loss 6.8247, time 173.34ms, mfu 0.00%
iter 2152: loss 6.5350, time 172.05ms, mfu 0.00%
iter 2153: loss 6.2389, time 172.05ms, mfu 0.00%
iter 2154: loss 7.2112, time 172.16ms, mfu 0.00%
iter 2155: loss 6.9563, time 171.86ms, mfu 0.00%
iter 2156: loss 6.5046, time 171.97ms, mfu 0.00%
iter 2157: loss 6.9727, time 172.12ms, mfu 0.00%
iter 2158: loss 7.1731, time 172.42ms, mfu 0.00%
iter 2159: loss 6.9453, time 171.79ms, mfu 0.00%
iter 2160: loss 6.5910, time 172.29ms, mfu 0.00%
iter 2161: loss 7.1643, time 171.75ms, mfu 0.00%
iter 2162: loss 6.8633, time 172.29ms, mfu 0.00%
iter 2163: loss 6.9754, time 172.23ms, mfu 0.00%
iter 2164: loss 6.6492, time 172.50ms, mfu 0.00%
iter 2165: loss 7.3991, time 171.94ms, mfu 0.00%
iter 2166: loss 7.3039, time 172.16ms, mfu 0.00%
iter 2167: loss 7.0017, time 171.83ms, mfu 0.00%
iter 2168: loss 6.9350, time 172.06ms, mfu 0.00%
iter 2169: loss 7.0082, time 172.13ms, mfu 0.00%
iter 2170: loss 6.8520, time 171.78ms, mfu 0.00%
iter 2171: loss 6.9279, time 172.04ms, mfu 0.00%
iter 2172: loss 6.3452, time 171.98ms, mfu 0.00%
iter 2173: loss 7.9300, time 172.09ms, mfu 0.00%
iter 2174: loss 6.7313, time 171.69ms, mfu 0.00%
iter 2175: loss 7.1165, time 172.35ms, mfu 0.00%
iter 2176: loss 6.5311, time 172.19ms, mfu 0.00%
iter 2177: loss 6.9863, time 172.28ms, mfu 0.00%
iter 2178: loss 7.0864, time 172.31ms, mfu 0.00%
iter 2179: loss 8.3501, time 172.06ms, mfu 0.00%
iter 2180: loss 6.4753, time 172.42ms, mfu 0.00%
iter 2181: loss 7.0573, time 172.06ms, mfu 0.00%
iter 2182: loss 7.2645, time 175.49ms, mfu 0.00%
iter 2183: loss 6.7147, time 172.23ms, mfu 0.00%
iter 2184: loss 7.2832, time 172.34ms, mfu 0.00%
iter 2185: loss 6.5499, time 172.58ms, mfu 0.00%
iter 2186: loss 7.9030, time 172.01ms, mfu 0.00%
iter 2187: loss 6.4063, time 171.72ms, mfu 0.00%
iter 2188: loss 7.4161, time 171.73ms, mfu 0.00%
iter 2189: loss 6.4514, time 172.03ms, mfu 0.00%
iter 2190: loss 6.2643, time 171.93ms, mfu 0.00%
iter 2191: loss 6.6162, time 171.62ms, mfu 0.00%
iter 2192: loss 6.0439, time 172.27ms, mfu 0.00%
iter 2193: loss 6.5221, time 172.22ms, mfu 0.00%
iter 2194: loss 6.6469, time 171.76ms, mfu 0.00%
iter 2195: loss 7.4290, time 171.92ms, mfu 0.00%
iter 2196: loss 7.5471, time 171.90ms, mfu 0.00%
iter 2197: loss 7.1786, time 172.19ms, mfu 0.00%
iter 2198: loss 6.0091, time 172.39ms, mfu 0.00%
iter 2199: loss 6.5611, time 171.94ms, mfu 0.00%
iter 2200: loss 7.0807, time 172.91ms, mfu 0.00%
iter 2201: loss 6.8586, time 172.03ms, mfu 0.00%
iter 2202: loss 6.2963, time 171.73ms, mfu 0.00%
iter 2203: loss 6.4084, time 171.90ms, mfu 0.00%
iter 2204: loss 7.4950, time 172.61ms, mfu 0.00%
iter 2205: loss 5.5980, time 171.66ms, mfu 0.00%
iter 2206: loss 6.5765, time 172.23ms, mfu 0.00%
iter 2207: loss 6.1735, time 171.94ms, mfu 0.00%
iter 2208: loss 6.4509, time 172.38ms, mfu 0.00%
iter 2209: loss 6.6596, time 171.80ms, mfu 0.00%
iter 2210: loss 7.6908, time 172.40ms, mfu 0.00%
iter 2211: loss 7.5227, time 172.10ms, mfu 0.00%
iter 2212: loss 6.7283, time 172.09ms, mfu 0.00%
iter 2213: loss 6.7969, time 171.91ms, mfu 0.00%
iter 2214: loss 6.3803, time 172.20ms, mfu 0.00%
iter 2215: loss 6.2170, time 172.10ms, mfu 0.00%
iter 2216: loss 6.3246, time 172.23ms, mfu 0.00%
iter 2217: loss 7.2048, time 172.36ms, mfu 0.00%
iter 2218: loss 6.2399, time 172.36ms, mfu 0.00%
iter 2219: loss 6.3911, time 172.16ms, mfu 0.00%
iter 2220: loss 7.9220, time 172.15ms, mfu 0.00%
iter 2221: loss 6.8118, time 172.01ms, mfu 0.00%
iter 2222: loss 6.8998, time 172.01ms, mfu 0.00%
iter 2223: loss 7.9435, time 171.65ms, mfu 0.00%
iter 2224: loss 6.5940, time 173.77ms, mfu 0.00%
iter 2225: loss 7.0005, time 172.09ms, mfu 0.00%
iter 2226: loss 6.8865, time 172.51ms, mfu 0.00%
iter 2227: loss 5.9319, time 172.35ms, mfu 0.00%
iter 2228: loss 5.9826, time 171.95ms, mfu 0.00%
iter 2229: loss 6.5484, time 172.47ms, mfu 0.00%
iter 2230: loss 6.5512, time 172.54ms, mfu 0.00%
iter 2231: loss 6.5843, time 172.20ms, mfu 0.00%
iter 2232: loss 6.6052, time 171.98ms, mfu 0.00%
iter 2233: loss 7.5688, time 172.10ms, mfu 0.00%
iter 2234: loss 6.1632, time 171.89ms, mfu 0.00%
iter 2235: loss 7.0392, time 172.75ms, mfu 0.00%
iter 2236: loss 6.5964, time 172.23ms, mfu 0.00%
iter 2237: loss 5.9393, time 172.08ms, mfu 0.00%
iter 2238: loss 6.6550, time 171.73ms, mfu 0.00%
iter 2239: loss 7.3030, time 171.65ms, mfu 0.00%
iter 2240: loss 6.5323, time 171.82ms, mfu 0.00%
iter 2241: loss 6.6246, time 171.76ms, mfu 0.00%
iter 2242: loss 6.9488, time 171.74ms, mfu 0.00%
iter 2243: loss 6.1696, time 171.97ms, mfu 0.00%
iter 2244: loss 6.7567, time 171.54ms, mfu 0.00%
iter 2245: loss 6.8888, time 171.48ms, mfu 0.00%
iter 2246: loss 6.8882, time 172.07ms, mfu 0.00%
iter 2247: loss 5.9354, time 172.18ms, mfu 0.00%
iter 2248: loss 6.7175, time 171.75ms, mfu 0.00%
iter 2249: loss 6.9715, time 173.32ms, mfu 0.00%
iter 2250: loss 6.6591, time 171.99ms, mfu 0.00%
iter 2251: loss 6.9280, time 171.98ms, mfu 0.00%
iter 2252: loss 6.3360, time 171.64ms, mfu 0.00%
iter 2253: loss 6.6231, time 172.36ms, mfu 0.00%
iter 2254: loss 6.9314, time 172.05ms, mfu 0.00%
iter 2255: loss 6.4454, time 171.82ms, mfu 0.00%
iter 2256: loss 7.2793, time 171.89ms, mfu 0.00%
iter 2257: loss 7.0156, time 171.76ms, mfu 0.00%
iter 2258: loss 6.2737, time 172.03ms, mfu 0.00%
iter 2259: loss 7.2148, time 171.96ms, mfu 0.00%
iter 2260: loss 6.5997, time 172.14ms, mfu 0.00%
iter 2261: loss 6.6517, time 172.08ms, mfu 0.00%
iter 2262: loss 6.5170, time 171.67ms, mfu 0.00%
iter 2263: loss 6.9211, time 172.34ms, mfu 0.00%
iter 2264: loss 5.9221, time 171.82ms, mfu 0.00%
iter 2265: loss 6.7668, time 172.18ms, mfu 0.00%
iter 2266: loss 6.9922, time 171.81ms, mfu 0.00%
iter 2267: loss 6.6783, time 172.15ms, mfu 0.00%
iter 2268: loss 6.5248, time 171.76ms, mfu 0.00%
iter 2269: loss 6.2673, time 171.82ms, mfu 0.00%
iter 2270: loss 6.4002, time 171.64ms, mfu 0.00%
iter 2271: loss 6.3559, time 171.84ms, mfu 0.00%
iter 2272: loss 6.6064, time 172.07ms, mfu 0.00%
iter 2273: loss 6.9342, time 171.41ms, mfu 0.00%
iter 2274: loss 6.4754, time 172.12ms, mfu 0.00%
iter 2275: loss 6.3897, time 171.61ms, mfu 0.00%
iter 2276: loss 6.8154, time 172.06ms, mfu 0.00%
iter 2277: loss 6.3770, time 176.14ms, mfu 0.00%
iter 2278: loss 6.4899, time 172.08ms, mfu 0.00%
iter 2279: loss 5.9857, time 171.73ms, mfu 0.00%
iter 2280: loss 6.7854, time 171.78ms, mfu 0.00%
iter 2281: loss 7.0168, time 171.48ms, mfu 0.00%
iter 2282: loss 7.4901, time 171.71ms, mfu 0.00%
iter 2283: loss 7.2891, time 171.16ms, mfu 0.00%
iter 2284: loss 7.0044, time 172.20ms, mfu 0.00%
iter 2285: loss 6.8217, time 171.69ms, mfu 0.00%
iter 2286: loss 6.5894, time 171.63ms, mfu 0.00%
iter 2287: loss 8.2658, time 171.94ms, mfu 0.00%
iter 2288: loss 6.5277, time 171.78ms, mfu 0.00%
iter 2289: loss 6.2556, time 171.62ms, mfu 0.00%
iter 2290: loss 6.7088, time 172.16ms, mfu 0.00%
iter 2291: loss 7.9766, time 175.82ms, mfu 0.00%
iter 2292: loss 6.9839, time 184.78ms, mfu 0.00%
iter 2293: loss 6.0595, time 185.14ms, mfu 0.00%
iter 2294: loss 7.0415, time 185.99ms, mfu 0.00%
iter 2295: loss 6.6862, time 185.99ms, mfu 0.00%
iter 2296: loss 6.3645, time 185.98ms, mfu 0.00%
iter 2297: loss 7.1121, time 186.36ms, mfu 0.00%
iter 2298: loss 7.1773, time 186.36ms, mfu 0.00%
iter 2299: loss 6.3032, time 179.79ms, mfu 0.00%
iter 2300: loss 6.5296, time 179.95ms, mfu 0.00%
iter 2301: loss 7.1298, time 187.48ms, mfu 0.00%
iter 2302: loss 6.1253, time 186.28ms, mfu 0.00%
iter 2303: loss 6.3935, time 185.13ms, mfu 0.00%
iter 2304: loss 6.7766, time 185.61ms, mfu 0.00%
iter 2305: loss 6.6022, time 186.08ms, mfu 0.00%
iter 2306: loss 6.2189, time 186.63ms, mfu 0.00%
iter 2307: loss 6.4693, time 185.83ms, mfu 0.00%
iter 2308: loss 7.3849, time 185.43ms, mfu 0.00%
iter 2309: loss 6.5347, time 185.03ms, mfu 0.00%
iter 2310: loss 6.0256, time 186.14ms, mfu 0.00%
iter 2311: loss 6.9197, time 185.71ms, mfu 0.00%
iter 2312: loss 6.1804, time 185.84ms, mfu 0.00%
iter 2313: loss 6.3396, time 185.98ms, mfu 0.00%
iter 2314: loss 6.2897, time 185.50ms, mfu 0.00%
iter 2315: loss 5.8323, time 185.84ms, mfu 0.00%
iter 2316: loss 6.5856, time 185.92ms, mfu 0.00%
iter 2317: loss 6.9129, time 186.17ms, mfu 0.00%
iter 2318: loss 6.4243, time 185.97ms, mfu 0.00%
iter 2319: loss 6.8587, time 185.73ms, mfu 0.00%
iter 2320: loss 7.2216, time 176.50ms, mfu 0.00%
iter 2321: loss 6.3858, time 171.84ms, mfu 0.00%
iter 2322: loss 6.3915, time 170.33ms, mfu 0.00%
iter 2323: loss 6.5710, time 173.84ms, mfu 0.00%
iter 2324: loss 6.9253, time 177.31ms, mfu 0.00%
iter 2325: loss 6.5884, time 171.70ms, mfu 0.00%
iter 2326: loss 6.4956, time 171.79ms, mfu 0.00%
iter 2327: loss 6.4213, time 171.48ms, mfu 0.00%
iter 2328: loss 6.9799, time 172.00ms, mfu 0.00%
iter 2329: loss 6.5771, time 171.52ms, mfu 0.00%
iter 2330: loss 6.7408, time 171.72ms, mfu 0.00%
iter 2331: loss 6.2439, time 171.94ms, mfu 0.00%
iter 2332: loss 6.5873, time 171.33ms, mfu 0.00%
iter 2333: loss 6.3319, time 171.49ms, mfu 0.00%
iter 2334: loss 7.0416, time 171.44ms, mfu 0.00%
iter 2335: loss 6.1965, time 171.62ms, mfu 0.00%
iter 2336: loss 6.8954, time 171.47ms, mfu 0.00%
iter 2337: loss 6.6764, time 172.12ms, mfu 0.00%
iter 2338: loss 6.9923, time 171.73ms, mfu 0.00%
iter 2339: loss 6.1625, time 171.74ms, mfu 0.00%
iter 2340: loss 6.7882, time 162.04ms, mfu 0.00%
iter 2341: loss 7.0291, time 171.77ms, mfu 0.00%
iter 2342: loss 6.3605, time 171.33ms, mfu 0.00%
iter 2343: loss 6.6315, time 171.89ms, mfu 0.00%
iter 2344: loss 6.5475, time 172.04ms, mfu 0.00%
iter 2345: loss 6.4710, time 171.70ms, mfu 0.00%
iter 2346: loss 5.8865, time 171.60ms, mfu 0.00%
iter 2347: loss 7.2228, time 171.65ms, mfu 0.00%
iter 2348: loss 6.1941, time 171.49ms, mfu 0.00%
iter 2349: loss 6.5881, time 173.11ms, mfu 0.00%
iter 2350: loss 6.4498, time 177.48ms, mfu 0.00%
iter 2351: loss 6.3149, time 189.08ms, mfu 0.00%
iter 2352: loss 6.5847, time 176.16ms, mfu 0.00%
iter 2353: loss 6.9893, time 181.24ms, mfu 0.00%
iter 2354: loss 6.9505, time 184.03ms, mfu 0.00%
iter 2355: loss 6.7495, time 174.70ms, mfu 0.00%
iter 2356: loss 6.8551, time 172.02ms, mfu 0.00%
iter 2357: loss 6.8044, time 168.82ms, mfu 0.00%
iter 2358: loss 6.8154, time 171.95ms, mfu 0.00%
iter 2359: loss 6.5558, time 171.72ms, mfu 0.00%
iter 2360: loss 6.8344, time 172.24ms, mfu 0.00%
iter 2361: loss 6.5115, time 171.81ms, mfu 0.00%
iter 2362: loss 7.0022, time 171.42ms, mfu 0.00%
iter 2363: loss 6.6994, time 167.10ms, mfu 0.00%
iter 2364: loss 9.1729, time 171.42ms, mfu 0.00%
iter 2365: loss 6.1256, time 171.76ms, mfu 0.00%
iter 2366: loss 6.3466, time 171.96ms, mfu 0.00%
iter 2367: loss 6.2778, time 171.87ms, mfu 0.00%
iter 2368: loss 7.1213, time 172.14ms, mfu 0.00%
iter 2369: loss 7.5389, time 171.12ms, mfu 0.00%
iter 2370: loss 6.5518, time 171.65ms, mfu 0.00%
iter 2371: loss 8.1181, time 171.69ms, mfu 0.00%
iter 2372: loss 6.6586, time 175.75ms, mfu 0.00%
iter 2373: loss 6.5946, time 176.16ms, mfu 0.00%
iter 2374: loss 6.6548, time 171.18ms, mfu 0.00%
iter 2375: loss 5.6844, time 175.14ms, mfu 0.00%
iter 2376: loss 6.8473, time 172.13ms, mfu 0.00%
iter 2377: loss 6.6930, time 172.06ms, mfu 0.00%
iter 2378: loss 7.3505, time 172.32ms, mfu 0.00%
iter 2379: loss 6.4362, time 171.72ms, mfu 0.00%
iter 2380: loss 6.1449, time 171.89ms, mfu 0.00%
iter 2381: loss 7.1126, time 171.64ms, mfu 0.00%
iter 2382: loss 6.0732, time 171.48ms, mfu 0.00%
iter 2383: loss 6.5690, time 172.17ms, mfu 0.00%
iter 2384: loss 6.0861, time 171.77ms, mfu 0.00%
iter 2385: loss 7.2522, time 172.08ms, mfu 0.00%
iter 2386: loss 6.9734, time 170.43ms, mfu 0.00%
iter 2387: loss 6.7030, time 171.66ms, mfu 0.00%
iter 2388: loss 7.0589, time 171.82ms, mfu 0.00%
iter 2389: loss 9.1617, time 171.91ms, mfu 0.00%
iter 2390: loss 6.9963, time 171.51ms, mfu 0.00%
iter 2391: loss 6.9189, time 171.70ms, mfu 0.00%
iter 2392: loss 7.1103, time 171.94ms, mfu 0.00%
iter 2393: loss 6.4334, time 172.02ms, mfu 0.00%
iter 2394: loss 7.0757, time 171.89ms, mfu 0.00%
iter 2395: loss 6.3782, time 172.27ms, mfu 0.00%
iter 2396: loss 5.7581, time 171.73ms, mfu 0.00%
iter 2397: loss 6.4080, time 171.61ms, mfu 0.00%
iter 2398: loss 6.3371, time 171.95ms, mfu 0.00%
iter 2399: loss 6.7922, time 171.48ms, mfu 0.00%
iter 2400: loss 7.1461, time 171.29ms, mfu 0.00%
iter 2401: loss 6.0346, time 171.86ms, mfu 0.00%
iter 2402: loss 7.0891, time 171.72ms, mfu 0.00%
iter 2403: loss 6.7113, time 171.80ms, mfu 0.00%
iter 2404: loss 6.6700, time 162.49ms, mfu 0.00%
iter 2405: loss 6.1332, time 172.08ms, mfu 0.00%
iter 2406: loss 6.4032, time 171.77ms, mfu 0.00%
iter 2407: loss 6.2690, time 171.33ms, mfu 0.00%
iter 2408: loss 5.5083, time 171.62ms, mfu 0.00%
iter 2409: loss 6.9810, time 171.39ms, mfu 0.00%
iter 2410: loss 6.4244, time 171.53ms, mfu 0.00%
iter 2411: loss 6.4117, time 171.80ms, mfu 0.00%
iter 2412: loss 6.7084, time 171.72ms, mfu 0.00%
iter 2413: loss 6.7704, time 171.71ms, mfu 0.00%
iter 2414: loss 6.5029, time 171.98ms, mfu 0.00%
iter 2415: loss 5.9416, time 171.83ms, mfu 0.00%
iter 2416: loss 6.4675, time 171.87ms, mfu 0.00%
iter 2417: loss 6.1081, time 171.62ms, mfu 0.00%
iter 2418: loss 6.8713, time 171.77ms, mfu 0.00%
iter 2419: loss 6.2559, time 171.44ms, mfu 0.00%
iter 2420: loss 6.3484, time 171.47ms, mfu 0.00%
iter 2421: loss 6.2374, time 174.73ms, mfu 0.00%
iter 2422: loss 6.2843, time 171.93ms, mfu 0.00%
iter 2423: loss 6.7977, time 172.00ms, mfu 0.00%
iter 2424: loss 6.2448, time 171.68ms, mfu 0.00%
iter 2425: loss 6.9050, time 171.43ms, mfu 0.00%
iter 2426: loss 6.7172, time 171.43ms, mfu 0.00%
iter 2427: loss 6.5740, time 171.94ms, mfu 0.00%
iter 2428: loss 6.4206, time 171.63ms, mfu 0.00%
iter 2429: loss 6.7143, time 171.68ms, mfu 0.00%
iter 2430: loss 6.5331, time 171.53ms, mfu 0.00%
iter 2431: loss 6.9497, time 171.91ms, mfu 0.00%
iter 2432: loss 6.5115, time 171.72ms, mfu 0.00%
iter 2433: loss 6.1556, time 171.85ms, mfu 0.00%
iter 2434: loss 6.5982, time 171.57ms, mfu 0.00%
iter 2435: loss 6.8497, time 171.82ms, mfu 0.00%
iter 2436: loss 6.4301, time 171.41ms, mfu 0.00%
iter 2437: loss 6.3053, time 171.73ms, mfu 0.00%
iter 2438: loss 6.7242, time 171.60ms, mfu 0.00%
iter 2439: loss 6.2828, time 160.89ms, mfu 0.00%
iter 2440: loss 6.5729, time 171.72ms, mfu 0.00%
iter 2441: loss 6.7090, time 171.66ms, mfu 0.00%
iter 2442: loss 6.6264, time 171.70ms, mfu 0.00%
iter 2443: loss 6.6357, time 171.79ms, mfu 0.00%
iter 2444: loss 6.6456, time 171.84ms, mfu 0.00%
iter 2445: loss 6.7891, time 171.71ms, mfu 0.00%
iter 2446: loss 6.7163, time 171.91ms, mfu 0.00%
iter 2447: loss 7.2138, time 171.73ms, mfu 0.00%
iter 2448: loss 6.4167, time 171.60ms, mfu 0.00%
iter 2449: loss 7.0021, time 171.52ms, mfu 0.00%
iter 2450: loss 6.6972, time 171.37ms, mfu 0.00%
iter 2451: loss 6.9872, time 171.92ms, mfu 0.00%
iter 2452: loss 5.7867, time 171.71ms, mfu 0.00%
iter 2453: loss 6.9867, time 184.01ms, mfu 0.00%
iter 2454: loss 6.1330, time 189.89ms, mfu 0.00%
iter 2455: loss 6.5547, time 187.06ms, mfu 0.00%
iter 2456: loss 7.0046, time 185.76ms, mfu 0.00%
iter 2457: loss 6.2372, time 186.66ms, mfu 0.00%
iter 2458: loss 6.5615, time 186.06ms, mfu 0.00%
iter 2459: loss 6.6315, time 185.93ms, mfu 0.00%
iter 2460: loss 6.4666, time 182.41ms, mfu 0.00%
iter 2461: loss 7.6485, time 153.84ms, mfu 0.00%
iter 2462: loss 6.6528, time 179.52ms, mfu 0.00%
iter 2463: loss 6.2336, time 190.82ms, mfu 0.00%
iter 2464: loss 6.2707, time 189.41ms, mfu 0.00%
iter 2465: loss 6.7247, time 185.57ms, mfu 0.00%
iter 2466: loss 6.0973, time 176.25ms, mfu 0.00%
iter 2467: loss 6.5466, time 172.13ms, mfu 0.00%
iter 2468: loss 6.5486, time 171.62ms, mfu 0.00%
iter 2469: loss 6.2589, time 172.83ms, mfu 0.00%
iter 2470: loss 6.4724, time 171.69ms, mfu 0.00%
iter 2471: loss 6.5286, time 172.14ms, mfu 0.00%
iter 2472: loss 6.6426, time 171.96ms, mfu 0.00%
iter 2473: loss 6.2982, time 172.48ms, mfu 0.00%
iter 2474: loss 6.8273, time 171.72ms, mfu 0.00%
iter 2475: loss 5.9709, time 171.72ms, mfu 0.00%
iter 2476: loss 6.4112, time 171.62ms, mfu 0.00%
iter 2477: loss 6.6630, time 171.64ms, mfu 0.00%
iter 2478: loss 6.8549, time 171.63ms, mfu 0.00%
iter 2479: loss 6.7307, time 171.99ms, mfu 0.00%
iter 2480: loss 6.1803, time 171.75ms, mfu 0.00%
iter 2481: loss 6.4555, time 171.88ms, mfu 0.00%
iter 2482: loss 7.2977, time 171.91ms, mfu 0.00%
iter 2483: loss 6.3977, time 171.36ms, mfu 0.00%
iter 2484: loss 7.2934, time 171.94ms, mfu 0.00%
iter 2485: loss 6.5298, time 171.73ms, mfu 0.00%
iter 2486: loss 6.7560, time 172.03ms, mfu 0.00%
iter 2487: loss 7.1950, time 171.85ms, mfu 0.00%
iter 2488: loss 6.1387, time 171.87ms, mfu 0.00%
iter 2489: loss 6.3569, time 171.84ms, mfu 0.00%
iter 2490: loss 6.2788, time 172.45ms, mfu 0.00%
iter 2491: loss 5.7539, time 171.92ms, mfu 0.00%
iter 2492: loss 6.3965, time 171.58ms, mfu 0.00%
iter 2493: loss 6.8631, time 171.93ms, mfu 0.00%
iter 2494: loss 7.8087, time 171.70ms, mfu 0.00%
iter 2495: loss 6.5580, time 171.95ms, mfu 0.00%
iter 2496: loss 6.4634, time 171.71ms, mfu 0.00%
iter 2497: loss 6.3748, time 172.19ms, mfu 0.00%
iter 2498: loss 6.2924, time 172.21ms, mfu 0.00%
iter 2499: loss 6.2320, time 172.06ms, mfu 0.00%
step 2500: train loss 6.6231, val loss 6.5400
saving checkpoint to out_ebt_openwebtext
iter 2500: loss 6.4855, time 44422.47ms, mfu 0.00%
iter 2501: loss 7.0951, time 143.33ms, mfu 0.00%
iter 2502: loss 6.4177, time 156.35ms, mfu 0.00%
iter 2503: loss 6.3567, time 165.60ms, mfu 0.00%
iter 2504: loss 6.4365, time 171.89ms, mfu 0.00%
iter 2505: loss 6.4885, time 174.08ms, mfu 0.00%
iter 2506: loss 6.8758, time 174.04ms, mfu 0.00%
iter 2507: loss 6.0273, time 174.33ms, mfu 0.00%
iter 2508: loss 7.1127, time 172.14ms, mfu 0.00%
iter 2509: loss 5.8619, time 172.24ms, mfu 0.00%
iter 2510: loss 6.7372, time 174.20ms, mfu 0.00%
iter 2511: loss 7.5628, time 174.65ms, mfu 0.00%
iter 2512: loss 7.1503, time 172.55ms, mfu 0.00%
iter 2513: loss 6.7101, time 174.59ms, mfu 0.00%
iter 2514: loss 7.5424, time 172.18ms, mfu 0.00%
iter 2515: loss 6.9529, time 172.21ms, mfu 0.00%
iter 2516: loss 6.2341, time 174.22ms, mfu 0.00%
iter 2517: loss 7.5033, time 172.96ms, mfu 0.00%
iter 2518: loss 5.8150, time 172.30ms, mfu 0.00%
iter 2519: loss 5.9297, time 172.14ms, mfu 0.00%
iter 2520: loss 7.1946, time 171.93ms, mfu 0.00%
iter 2521: loss 5.5484, time 172.13ms, mfu 0.00%
iter 2522: loss 6.3163, time 172.49ms, mfu 0.00%
iter 2523: loss 6.4718, time 172.64ms, mfu 0.00%
iter 2524: loss 6.6640, time 172.17ms, mfu 0.00%
iter 2525: loss 6.3247, time 172.43ms, mfu 0.00%
iter 2526: loss 6.2692, time 172.04ms, mfu 0.00%
iter 2527: loss 6.2191, time 172.23ms, mfu 0.00%
iter 2528: loss 6.7558, time 174.44ms, mfu 0.00%
iter 2529: loss 6.0527, time 173.83ms, mfu 0.00%
iter 2530: loss 6.4708, time 174.04ms, mfu 0.00%
iter 2531: loss 7.2012, time 174.32ms, mfu 0.00%
iter 2532: loss 7.1853, time 171.83ms, mfu 0.00%
iter 2533: loss 6.8951, time 171.99ms, mfu 0.00%
iter 2534: loss 7.4362, time 171.79ms, mfu 0.00%
iter 2535: loss 6.5464, time 172.44ms, mfu 0.00%
iter 2536: loss 6.3511, time 171.78ms, mfu 0.00%
iter 2537: loss 6.3028, time 171.98ms, mfu 0.00%
iter 2538: loss 6.3693, time 174.67ms, mfu 0.00%
iter 2539: loss 6.4292, time 191.85ms, mfu 0.00%
iter 2540: loss 5.7196, time 189.43ms, mfu 0.00%
iter 2541: loss 6.8588, time 190.04ms, mfu 0.00%
iter 2542: loss 6.8968, time 189.95ms, mfu 0.00%
iter 2543: loss 6.2185, time 189.74ms, mfu 0.00%
iter 2544: loss 5.9716, time 173.02ms, mfu 0.00%
iter 2545: loss 6.6608, time 172.52ms, mfu 0.00%
iter 2546: loss 6.5530, time 172.29ms, mfu 0.00%
iter 2547: loss 6.4223, time 172.43ms, mfu 0.00%
iter 2548: loss 6.5947, time 172.54ms, mfu 0.00%
iter 2549: loss 6.5280, time 172.04ms, mfu 0.00%
iter 2550: loss 6.3880, time 172.02ms, mfu 0.00%
iter 2551: loss 6.6303, time 172.58ms, mfu 0.00%
iter 2552: loss 6.5544, time 173.05ms, mfu 0.00%
iter 2553: loss 6.3485, time 172.57ms, mfu 0.00%
iter 2554: loss 6.3274, time 174.75ms, mfu 0.00%
iter 2555: loss 5.9449, time 172.52ms, mfu 0.00%
iter 2556: loss 6.4593, time 172.74ms, mfu 0.00%
iter 2557: loss 6.7109, time 172.57ms, mfu 0.00%
iter 2558: loss 6.2709, time 172.48ms, mfu 0.00%
iter 2559: loss 6.3559, time 172.15ms, mfu 0.00%
iter 2560: loss 6.5308, time 172.03ms, mfu 0.00%
iter 2561: loss 6.6881, time 172.01ms, mfu 0.00%
iter 2562: loss 6.5699, time 171.97ms, mfu 0.00%
iter 2563: loss 6.0159, time 172.50ms, mfu 0.00%
iter 2564: loss 6.4583, time 172.05ms, mfu 0.00%
iter 2565: loss 5.8853, time 172.21ms, mfu 0.00%
iter 2566: loss 6.7997, time 174.69ms, mfu 0.00%
iter 2567: loss 6.6265, time 172.31ms, mfu 0.00%
iter 2568: loss 6.5549, time 175.05ms, mfu 0.00%
iter 2569: loss 6.3101, time 174.29ms, mfu 0.00%
iter 2570: loss 6.3102, time 172.93ms, mfu 0.00%
iter 2571: loss 6.1723, time 174.51ms, mfu 0.00%
iter 2572: loss 6.3085, time 174.57ms, mfu 0.00%
iter 2573: loss 6.7340, time 175.16ms, mfu 0.00%
iter 2574: loss 6.7425, time 175.15ms, mfu 0.00%
iter 2575: loss 7.0439, time 174.54ms, mfu 0.00%
iter 2576: loss 6.7162, time 174.64ms, mfu 0.00%
iter 2577: loss 6.9664, time 173.30ms, mfu 0.00%
iter 2578: loss 6.5182, time 172.70ms, mfu 0.00%
iter 2579: loss 7.4486, time 172.28ms, mfu 0.00%
iter 2580: loss 7.1176, time 172.39ms, mfu 0.00%
iter 2581: loss 6.8610, time 172.50ms, mfu 0.00%
iter 2582: loss 6.2058, time 174.98ms, mfu 0.00%
iter 2583: loss 6.3168, time 174.48ms, mfu 0.00%
iter 2584: loss 5.8679, time 172.71ms, mfu 0.00%
iter 2585: loss 6.4718, time 172.43ms, mfu 0.00%
iter 2586: loss 6.3111, time 172.97ms, mfu 0.00%
iter 2587: loss 6.0345, time 173.54ms, mfu 0.00%
iter 2588: loss 6.9214, time 176.25ms, mfu 0.00%
iter 2589: loss 6.1711, time 173.54ms, mfu 0.00%
iter 2590: loss 6.3305, time 176.32ms, mfu 0.00%
iter 2591: loss 7.0221, time 173.04ms, mfu 0.00%
iter 2592: loss 6.3353, time 173.07ms, mfu 0.00%
iter 2593: loss 6.0428, time 172.15ms, mfu 0.00%
iter 2594: loss 6.7673, time 175.66ms, mfu 0.00%
iter 2595: loss 6.7251, time 174.86ms, mfu 0.00%
iter 2596: loss 6.1378, time 175.50ms, mfu 0.00%
iter 2597: loss 6.9036, time 174.99ms, mfu 0.00%
iter 2598: loss 7.9663, time 174.09ms, mfu 0.00%
iter 2599: loss 6.4849, time 172.38ms, mfu 0.00%
iter 2600: loss 6.6087, time 175.33ms, mfu 0.00%
iter 2601: loss 6.8152, time 173.49ms, mfu 0.00%
iter 2602: loss 7.5539, time 173.67ms, mfu 0.00%
iter 2603: loss 6.8513, time 172.41ms, mfu 0.00%
iter 2604: loss 6.2704, time 172.51ms, mfu 0.00%
iter 2605: loss 6.3394, time 173.57ms, mfu 0.00%
iter 2606: loss 6.7798, time 174.73ms, mfu 0.00%
iter 2607: loss 5.6961, time 175.29ms, mfu 0.00%
iter 2608: loss 6.7239, time 173.37ms, mfu 0.00%
iter 2609: loss 6.7643, time 175.38ms, mfu 0.00%
iter 2610: loss 6.4635, time 174.83ms, mfu 0.00%
iter 2611: loss 6.4146, time 173.87ms, mfu 0.00%
iter 2612: loss 6.7534, time 172.70ms, mfu 0.00%
iter 2613: loss 6.6516, time 174.50ms, mfu 0.00%
iter 2614: loss 6.3886, time 172.96ms, mfu 0.00%
iter 2615: loss 6.8072, time 174.11ms, mfu 0.00%
iter 2616: loss 6.1713, time 172.83ms, mfu 0.00%
iter 2617: loss 6.6155, time 172.58ms, mfu 0.00%
iter 2618: loss 5.7600, time 172.45ms, mfu 0.00%
iter 2619: loss 6.6695, time 173.77ms, mfu 0.00%
iter 2620: loss 6.6011, time 173.00ms, mfu 0.00%
iter 2621: loss 7.2303, time 172.46ms, mfu 0.00%
iter 2622: loss 7.1087, time 172.66ms, mfu 0.00%
iter 2623: loss 7.0347, time 172.25ms, mfu 0.00%
iter 2624: loss 6.9664, time 172.92ms, mfu 0.00%
iter 2625: loss 8.0160, time 173.70ms, mfu 0.00%
iter 2626: loss 7.2293, time 173.18ms, mfu 0.00%
iter 2627: loss 7.0815, time 174.30ms, mfu 0.00%
iter 2628: loss 6.3396, time 172.78ms, mfu 0.00%
iter 2629: loss 6.1963, time 174.07ms, mfu 0.00%
iter 2630: loss 6.0820, time 173.49ms, mfu 0.00%
iter 2631: loss 6.0582, time 176.69ms, mfu 0.00%
iter 2632: loss 6.5316, time 175.47ms, mfu 0.00%
iter 2633: loss 7.6588, time 173.33ms, mfu 0.00%
iter 2634: loss 6.2866, time 176.81ms, mfu 0.00%
iter 2635: loss 6.6592, time 172.86ms, mfu 0.00%
iter 2636: loss 7.0849, time 173.40ms, mfu 0.00%
iter 2637: loss 6.5275, time 175.18ms, mfu 0.00%
iter 2638: loss 6.2145, time 174.87ms, mfu 0.00%
iter 2639: loss 6.4305, time 172.72ms, mfu 0.00%
iter 2640: loss 6.0265, time 174.71ms, mfu 0.00%
iter 2641: loss 7.6007, time 175.43ms, mfu 0.00%
iter 2642: loss 6.4417, time 172.78ms, mfu 0.00%
iter 2643: loss 6.3257, time 173.71ms, mfu 0.00%
iter 2644: loss 6.4017, time 176.59ms, mfu 0.00%
iter 2645: loss 8.2711, time 176.89ms, mfu 0.00%
iter 2646: loss 7.3808, time 176.07ms, mfu 0.00%
iter 2647: loss 6.3410, time 173.28ms, mfu 0.00%
iter 2648: loss 6.6324, time 175.82ms, mfu 0.00%
iter 2649: loss 6.5111, time 172.60ms, mfu 0.00%
iter 2650: loss 6.1557, time 172.91ms, mfu 0.00%
iter 2651: loss 6.5661, time 173.37ms, mfu 0.00%
iter 2652: loss 6.6713, time 172.57ms, mfu 0.00%
iter 2653: loss 6.5022, time 172.77ms, mfu 0.00%
iter 2654: loss 6.7267, time 175.98ms, mfu 0.00%
iter 2655: loss 6.0324, time 173.11ms, mfu 0.00%
iter 2656: loss 6.3774, time 172.80ms, mfu 0.00%
iter 2657: loss 6.3088, time 173.38ms, mfu 0.00%
iter 2658: loss 6.9489, time 172.56ms, mfu 0.00%
iter 2659: loss 7.2668, time 173.22ms, mfu 0.00%
iter 2660: loss 6.3769, time 172.69ms, mfu 0.00%
iter 2661: loss 6.3658, time 173.11ms, mfu 0.00%
iter 2662: loss 6.2687, time 172.55ms, mfu 0.00%
iter 2663: loss 6.9919, time 172.50ms, mfu 0.00%
iter 2664: loss 6.1207, time 174.45ms, mfu 0.00%
iter 2665: loss 6.9871, time 173.70ms, mfu 0.00%
iter 2666: loss 6.8585, time 172.80ms, mfu 0.00%
iter 2667: loss 6.4717, time 174.55ms, mfu 0.00%
iter 2668: loss 6.0068, time 172.72ms, mfu 0.00%
iter 2669: loss 6.1532, time 172.70ms, mfu 0.00%
iter 2670: loss 7.2628, time 173.64ms, mfu 0.00%
iter 2671: loss 6.8959, time 173.04ms, mfu 0.00%
iter 2672: loss 5.9595, time 173.16ms, mfu 0.00%
iter 2673: loss 6.1570, time 172.81ms, mfu 0.00%
iter 2674: loss 6.7092, time 172.63ms, mfu 0.00%
iter 2675: loss 6.6835, time 172.69ms, mfu 0.00%
iter 2676: loss 6.2985, time 172.81ms, mfu 0.00%
iter 2677: loss 6.6675, time 172.93ms, mfu 0.00%
iter 2678: loss 6.3933, time 172.49ms, mfu 0.00%
iter 2679: loss 6.7584, time 176.74ms, mfu 0.00%
iter 2680: loss 6.4948, time 180.85ms, mfu 0.00%
iter 2681: loss 6.4453, time 175.05ms, mfu 0.00%
iter 2682: loss 5.9220, time 172.59ms, mfu 0.00%
iter 2683: loss 6.0885, time 172.15ms, mfu 0.00%
iter 2684: loss 6.8959, time 171.84ms, mfu 0.00%
iter 2685: loss 6.2710, time 173.01ms, mfu 0.00%
iter 2686: loss 7.1466, time 172.30ms, mfu 0.00%
iter 2687: loss 7.1920, time 174.63ms, mfu 0.00%
iter 2688: loss 6.4113, time 171.85ms, mfu 0.00%
iter 2689: loss 6.4238, time 171.46ms, mfu 0.00%
iter 2690: loss 6.6036, time 171.57ms, mfu 0.00%
iter 2691: loss 6.0694, time 173.08ms, mfu 0.00%
iter 2692: loss 6.8859, time 172.04ms, mfu 0.00%
iter 2693: loss 7.1885, time 173.65ms, mfu 0.00%
iter 2694: loss 6.7376, time 171.50ms, mfu 0.00%
iter 2695: loss 6.5900, time 171.57ms, mfu 0.00%
iter 2696: loss 6.9646, time 171.62ms, mfu 0.00%
iter 2697: loss 5.5523, time 171.94ms, mfu 0.00%
iter 2698: loss 6.7380, time 173.17ms, mfu 0.00%
iter 2699: loss 6.2284, time 172.57ms, mfu 0.00%
iter 2700: loss 6.1976, time 171.61ms, mfu 0.00%
iter 2701: loss 6.8889, time 171.91ms, mfu 0.00%
iter 2702: loss 7.0278, time 172.38ms, mfu 0.00%
iter 2703: loss 6.3664, time 172.19ms, mfu 0.00%
iter 2704: loss 6.6220, time 173.47ms, mfu 0.00%
iter 2705: loss 6.5098, time 174.39ms, mfu 0.00%
iter 2706: loss 6.9105, time 171.84ms, mfu 0.00%
iter 2707: loss 6.6868, time 171.80ms, mfu 0.00%
iter 2708: loss 6.7623, time 171.96ms, mfu 0.00%
iter 2709: loss 6.4482, time 172.50ms, mfu 0.00%
iter 2710: loss 6.3811, time 172.59ms, mfu 0.00%
iter 2711: loss 5.6838, time 172.11ms, mfu 0.00%
iter 2712: loss 6.3101, time 171.66ms, mfu 0.00%
iter 2713: loss 6.3151, time 171.65ms, mfu 0.00%
iter 2714: loss 6.5035, time 176.12ms, mfu 0.00%
iter 2715: loss 6.0260, time 171.94ms, mfu 0.00%
iter 2716: loss 6.8139, time 174.11ms, mfu 0.00%
iter 2717: loss 6.4812, time 171.72ms, mfu 0.00%
iter 2718: loss 5.9072, time 171.90ms, mfu 0.00%
iter 2719: loss 6.0375, time 171.66ms, mfu 0.00%
iter 2720: loss 6.1450, time 174.75ms, mfu 0.00%
iter 2721: loss 6.0468, time 171.73ms, mfu 0.00%
iter 2722: loss 6.5308, time 173.26ms, mfu 0.00%
iter 2723: loss 6.9016, time 175.11ms, mfu 0.00%
iter 2724: loss 6.1422, time 171.62ms, mfu 0.00%
iter 2725: loss 6.3995, time 171.74ms, mfu 0.00%
iter 2726: loss 6.8124, time 172.47ms, mfu 0.00%
iter 2727: loss 6.5162, time 173.45ms, mfu 0.00%
iter 2728: loss 6.6559, time 173.65ms, mfu 0.00%
iter 2729: loss 6.4441, time 172.51ms, mfu 0.00%
iter 2730: loss 6.1026, time 171.73ms, mfu 0.00%
iter 2731: loss 6.8973, time 173.71ms, mfu 0.00%
iter 2732: loss 6.5011, time 171.71ms, mfu 0.00%
iter 2733: loss 7.7041, time 173.52ms, mfu 0.00%
iter 2734: loss 6.7595, time 175.29ms, mfu 0.00%
iter 2735: loss 6.4669, time 171.58ms, mfu 0.00%
iter 2736: loss 6.1599, time 172.07ms, mfu 0.00%
iter 2737: loss 5.8795, time 173.53ms, mfu 0.00%
iter 2738: loss 6.9772, time 173.53ms, mfu 0.00%
iter 2739: loss 6.3034, time 171.96ms, mfu 0.00%
iter 2740: loss 6.3375, time 171.89ms, mfu 0.00%
iter 2741: loss 6.6369, time 172.01ms, mfu 0.00%
iter 2742: loss 5.9592, time 173.14ms, mfu 0.00%
iter 2743: loss 7.3706, time 171.86ms, mfu 0.00%
iter 2744: loss 6.2813, time 173.35ms, mfu 0.00%
iter 2745: loss 7.3522, time 175.22ms, mfu 0.00%
iter 2746: loss 6.4036, time 171.91ms, mfu 0.00%
iter 2747: loss 6.1042, time 171.92ms, mfu 0.00%
iter 2748: loss 6.4554, time 171.59ms, mfu 0.00%
iter 2749: loss 6.1015, time 173.62ms, mfu 0.00%
iter 2750: loss 7.6580, time 172.79ms, mfu 0.00%
iter 2751: loss 6.6365, time 171.78ms, mfu 0.00%
iter 2752: loss 6.2983, time 172.21ms, mfu 0.00%
iter 2753: loss 5.5256, time 173.75ms, mfu 0.00%
iter 2754: loss 6.4199, time 171.92ms, mfu 0.00%
iter 2755: loss 7.0211, time 172.02ms, mfu 0.00%
iter 2756: loss 6.3300, time 171.94ms, mfu 0.00%
iter 2757: loss 6.5045, time 172.13ms, mfu 0.00%
iter 2758: loss 6.2043, time 172.08ms, mfu 0.00%
iter 2759: loss 6.1434, time 172.38ms, mfu 0.00%
iter 2760: loss 6.7382, time 172.54ms, mfu 0.00%
iter 2761: loss 6.9900, time 172.03ms, mfu 0.00%
iter 2762: loss 5.7458, time 171.99ms, mfu 0.00%
iter 2763: loss 6.7493, time 172.09ms, mfu 0.00%
iter 2764: loss 6.0845, time 172.14ms, mfu 0.00%
iter 2765: loss 6.5202, time 172.11ms, mfu 0.00%
iter 2766: loss 6.1787, time 175.47ms, mfu 0.00%
iter 2767: loss 6.2268, time 171.85ms, mfu 0.00%
iter 2768: loss 6.2338, time 171.98ms, mfu 0.00%
iter 2769: loss 6.8784, time 171.98ms, mfu 0.00%
iter 2770: loss 6.6678, time 171.92ms, mfu 0.00%
iter 2771: loss 6.7308, time 172.18ms, mfu 0.00%
iter 2772: loss 7.8239, time 171.94ms, mfu 0.00%
iter 2773: loss 5.9640, time 172.08ms, mfu 0.00%
iter 2774: loss 6.6399, time 171.73ms, mfu 0.00%
iter 2775: loss 6.2208, time 171.86ms, mfu 0.00%
iter 2776: loss 6.3904, time 173.10ms, mfu 0.00%
iter 2777: loss 7.0034, time 172.87ms, mfu 0.00%
iter 2778: loss 6.5947, time 171.89ms, mfu 0.00%
iter 2779: loss 7.3093, time 172.13ms, mfu 0.00%
iter 2780: loss 6.2597, time 171.82ms, mfu 0.00%
iter 2781: loss 6.2805, time 171.74ms, mfu 0.00%
iter 2782: loss 6.3922, time 172.09ms, mfu 0.00%
iter 2783: loss 6.6982, time 172.26ms, mfu 0.00%
iter 2784: loss 6.0579, time 171.99ms, mfu 0.00%
iter 2785: loss 6.5014, time 172.20ms, mfu 0.00%
iter 2786: loss 6.3598, time 171.86ms, mfu 0.00%
iter 2787: loss 5.9073, time 178.10ms, mfu 0.00%
iter 2788: loss 6.0705, time 185.03ms, mfu 0.00%
iter 2789: loss 6.9577, time 164.37ms, mfu 0.00%
iter 2790: loss 6.5044, time 160.22ms, mfu 0.00%
iter 2791: loss 6.5884, time 147.52ms, mfu 0.00%
iter 2792: loss 5.7014, time 147.91ms, mfu 0.00%
iter 2793: loss 6.0617, time 146.90ms, mfu 0.00%
iter 2794: loss 6.2519, time 163.32ms, mfu 0.00%
iter 2795: loss 6.7622, time 173.00ms, mfu 0.00%
iter 2796: loss 6.9340, time 174.47ms, mfu 0.00%
iter 2797: loss 6.7646, time 174.77ms, mfu 0.00%
iter 2798: loss 7.3647, time 174.28ms, mfu 0.00%
iter 2799: loss 5.8870, time 174.89ms, mfu 0.00%
iter 2800: loss 6.8623, time 174.50ms, mfu 0.00%
iter 2801: loss 6.4030, time 173.60ms, mfu 0.00%
iter 2802: loss 6.6648, time 174.49ms, mfu 0.00%
iter 2803: loss 6.3987, time 176.94ms, mfu 0.00%
iter 2804: loss 5.9841, time 164.20ms, mfu 0.00%
iter 2805: loss 6.1089, time 156.29ms, mfu 0.00%
iter 2806: loss 6.7717, time 156.23ms, mfu 0.00%
iter 2807: loss 6.8875, time 156.28ms, mfu 0.00%
iter 2808: loss 6.3676, time 156.55ms, mfu 0.00%
iter 2809: loss 7.0494, time 156.31ms, mfu 0.00%
iter 2810: loss 6.7797, time 156.36ms, mfu 0.00%
iter 2811: loss 6.7571, time 161.99ms, mfu 0.00%
iter 2812: loss 6.5300, time 188.92ms, mfu 0.00%
iter 2813: loss 6.3270, time 186.76ms, mfu 0.00%
iter 2814: loss 6.4209, time 178.68ms, mfu 0.00%
iter 2815: loss 6.2036, time 177.67ms, mfu 0.00%
iter 2816: loss 6.0468, time 182.25ms, mfu 0.00%
iter 2817: loss 6.0469, time 173.64ms, mfu 0.00%
iter 2818: loss 7.0927, time 172.34ms, mfu 0.00%
iter 2819: loss 6.5188, time 172.56ms, mfu 0.00%
iter 2820: loss 6.6733, time 172.73ms, mfu 0.00%
iter 2821: loss 6.4119, time 172.50ms, mfu 0.00%
iter 2822: loss 6.1207, time 172.52ms, mfu 0.00%
iter 2823: loss 6.2303, time 172.40ms, mfu 0.00%
iter 2824: loss 6.0669, time 172.18ms, mfu 0.00%
iter 2825: loss 6.0201, time 172.42ms, mfu 0.00%
iter 2826: loss 6.1220, time 172.80ms, mfu 0.00%
iter 2827: loss 6.4232, time 172.49ms, mfu 0.00%
iter 2828: loss 6.1487, time 172.37ms, mfu 0.00%
iter 2829: loss 7.7829, time 172.55ms, mfu 0.00%
iter 2830: loss 5.7043, time 172.42ms, mfu 0.00%
iter 2831: loss 6.8103, time 172.30ms, mfu 0.00%
iter 2832: loss 6.5525, time 172.37ms, mfu 0.00%
iter 2833: loss 6.9061, time 172.18ms, mfu 0.00%
iter 2834: loss 7.2172, time 172.19ms, mfu 0.00%
iter 2835: loss 6.0658, time 172.31ms, mfu 0.00%
iter 2836: loss 6.2711, time 172.35ms, mfu 0.00%
iter 2837: loss 7.5069, time 172.48ms, mfu 0.00%
iter 2838: loss 6.6809, time 172.48ms, mfu 0.00%
iter 2839: loss 7.0302, time 172.35ms, mfu 0.00%
iter 2840: loss 6.1833, time 172.21ms, mfu 0.00%
iter 2841: loss 5.5362, time 172.32ms, mfu 0.00%
iter 2842: loss 5.7363, time 172.37ms, mfu 0.00%
iter 2843: loss 6.3524, time 172.26ms, mfu 0.00%
iter 2844: loss 6.7644, time 172.17ms, mfu 0.00%
iter 2845: loss 6.6363, time 172.46ms, mfu 0.00%
iter 2846: loss 6.6008, time 175.38ms, mfu 0.00%
iter 2847: loss 6.6727, time 172.87ms, mfu 0.00%
iter 2848: loss 6.3899, time 172.44ms, mfu 0.00%
iter 2849: loss 6.6425, time 172.16ms, mfu 0.00%
iter 2850: loss 6.4920, time 172.28ms, mfu 0.00%
iter 2851: loss 6.2535, time 172.54ms, mfu 0.00%
iter 2852: loss 6.2406, time 172.27ms, mfu 0.00%
iter 2853: loss 7.1676, time 172.39ms, mfu 0.00%
iter 2854: loss 6.2453, time 172.46ms, mfu 0.00%
iter 2855: loss 6.5390, time 172.21ms, mfu 0.00%
iter 2856: loss 6.3129, time 172.72ms, mfu 0.00%
iter 2857: loss 6.1496, time 172.62ms, mfu 0.00%
iter 2858: loss 6.4807, time 172.28ms, mfu 0.00%
iter 2859: loss 6.4697, time 172.43ms, mfu 0.00%
iter 2860: loss 6.3819, time 172.47ms, mfu 0.00%
iter 2861: loss 7.4339, time 172.52ms, mfu 0.00%
iter 2862: loss 5.9825, time 172.39ms, mfu 0.00%
iter 2863: loss 6.6205, time 172.43ms, mfu 0.00%
iter 2864: loss 5.7796, time 172.34ms, mfu 0.00%
iter 2865: loss 5.9593, time 172.20ms, mfu 0.00%
iter 2866: loss 5.7792, time 172.54ms, mfu 0.00%
iter 2867: loss 6.6322, time 172.46ms, mfu 0.00%
iter 2868: loss 7.1397, time 172.72ms, mfu 0.00%
iter 2869: loss 6.4173, time 172.41ms, mfu 0.00%
iter 2870: loss 6.5215, time 172.23ms, mfu 0.00%
iter 2871: loss 6.3923, time 172.50ms, mfu 0.00%
iter 2872: loss 6.5217, time 172.76ms, mfu 0.00%
iter 2873: loss 6.3572, time 172.27ms, mfu 0.00%
iter 2874: loss 5.9534, time 172.47ms, mfu 0.00%
iter 2875: loss 5.8699, time 173.63ms, mfu 0.00%
iter 2876: loss 6.4714, time 172.70ms, mfu 0.00%
iter 2877: loss 6.4106, time 172.84ms, mfu 0.00%
iter 2878: loss 6.5669, time 172.92ms, mfu 0.00%
iter 2879: loss 6.1682, time 172.85ms, mfu 0.00%
iter 2880: loss 6.5993, time 172.99ms, mfu 0.00%
iter 2881: loss 6.8334, time 172.41ms, mfu 0.00%
iter 2882: loss 6.6794, time 174.12ms, mfu 0.00%
iter 2883: loss 5.9864, time 172.33ms, mfu 0.00%
iter 2884: loss 6.0295, time 172.70ms, mfu 0.00%
iter 2885: loss 6.4774, time 172.45ms, mfu 0.00%
iter 2886: loss 6.6164, time 172.54ms, mfu 0.00%
iter 2887: loss 5.8209, time 172.50ms, mfu 0.00%
iter 2888: loss 6.1897, time 172.43ms, mfu 0.00%
iter 2889: loss 6.4372, time 172.23ms, mfu 0.00%
iter 2890: loss 6.9815, time 172.47ms, mfu 0.00%
iter 2891: loss 7.0258, time 172.22ms, mfu 0.00%
iter 2892: loss 6.5308, time 172.42ms, mfu 0.00%
iter 2893: loss 6.0355, time 172.74ms, mfu 0.00%
iter 2894: loss 5.8892, time 172.33ms, mfu 0.00%
iter 2895: loss 5.9388, time 172.39ms, mfu 0.00%
iter 2896: loss 6.2462, time 172.57ms, mfu 0.00%
iter 2897: loss 6.7953, time 172.44ms, mfu 0.00%
iter 2898: loss 6.4725, time 174.00ms, mfu 0.00%
iter 2899: loss 5.9941, time 172.45ms, mfu 0.00%
iter 2900: loss 6.5630, time 172.47ms, mfu 0.00%
iter 2901: loss 6.6234, time 172.44ms, mfu 0.00%
iter 2902: loss 6.4191, time 172.34ms, mfu 0.00%
iter 2903: loss 6.7425, time 172.44ms, mfu 0.00%
iter 2904: loss 6.7723, time 172.27ms, mfu 0.00%
iter 2905: loss 6.8826, time 172.78ms, mfu 0.00%
iter 2906: loss 6.3335, time 172.26ms, mfu 0.00%
iter 2907: loss 6.3602, time 172.20ms, mfu 0.00%
iter 2908: loss 5.9060, time 172.43ms, mfu 0.00%
iter 2909: loss 5.9177, time 172.58ms, mfu 0.00%
iter 2910: loss 6.5212, time 172.34ms, mfu 0.00%
iter 2911: loss 6.3412, time 172.25ms, mfu 0.00%
iter 2912: loss 6.8370, time 172.47ms, mfu 0.00%
iter 2913: loss 6.7714, time 172.12ms, mfu 0.00%
iter 2914: loss 6.1153, time 172.34ms, mfu 0.00%
iter 2915: loss 7.4894, time 172.20ms, mfu 0.00%
iter 2916: loss 5.8503, time 172.58ms, mfu 0.00%
iter 2917: loss 6.8622, time 172.41ms, mfu 0.00%
iter 2918: loss 6.1914, time 172.29ms, mfu 0.00%
iter 2919: loss 6.2663, time 172.36ms, mfu 0.00%
iter 2920: loss 6.3273, time 172.39ms, mfu 0.00%
iter 2921: loss 6.8013, time 172.39ms, mfu 0.00%
iter 2922: loss 6.4199, time 172.32ms, mfu 0.00%
iter 2923: loss 6.6163, time 172.22ms, mfu 0.00%
iter 2924: loss 5.9963, time 172.38ms, mfu 0.00%
iter 2925: loss 6.4985, time 172.54ms, mfu 0.00%
iter 2926: loss 6.4318, time 172.44ms, mfu 0.00%
iter 2927: loss 7.0826, time 172.29ms, mfu 0.00%
iter 2928: loss 6.6357, time 172.50ms, mfu 0.00%
iter 2929: loss 6.5763, time 172.63ms, mfu 0.00%
iter 2930: loss 6.6747, time 172.22ms, mfu 0.00%
iter 2931: loss 5.6497, time 172.51ms, mfu 0.00%
iter 2932: loss 6.3779, time 172.26ms, mfu 0.00%
iter 2933: loss 6.3352, time 172.41ms, mfu 0.00%
iter 2934: loss 6.8569, time 172.39ms, mfu 0.00%
iter 2935: loss 5.8632, time 172.26ms, mfu 0.00%
iter 2936: loss 6.5222, time 172.62ms, mfu 0.00%
iter 2937: loss 6.1928, time 172.32ms, mfu 0.00%
iter 2938: loss 6.4578, time 172.53ms, mfu 0.00%
iter 2939: loss 6.0567, time 172.91ms, mfu 0.00%
iter 2940: loss 6.5489, time 172.34ms, mfu 0.00%
iter 2941: loss 7.1217, time 172.37ms, mfu 0.00%
iter 2942: loss 6.4179, time 172.47ms, mfu 0.00%
iter 2943: loss 5.8525, time 172.19ms, mfu 0.00%
iter 2944: loss 6.1208, time 172.28ms, mfu 0.00%
iter 2945: loss 6.7390, time 172.69ms, mfu 0.00%
iter 2946: loss 6.0755, time 172.25ms, mfu 0.00%
iter 2947: loss 6.0992, time 172.33ms, mfu 0.00%
iter 2948: loss 6.6042, time 174.15ms, mfu 0.00%
iter 2949: loss 6.0209, time 173.29ms, mfu 0.00%
iter 2950: loss 6.2524, time 176.32ms, mfu 0.00%
iter 2951: loss 6.5534, time 185.97ms, mfu 0.00%
iter 2952: loss 6.1964, time 180.01ms, mfu 0.00%
iter 2953: loss 6.0111, time 175.95ms, mfu 0.00%
iter 2954: loss 6.2991, time 180.28ms, mfu 0.00%
iter 2955: loss 6.4910, time 175.50ms, mfu 0.00%
iter 2956: loss 6.4337, time 172.14ms, mfu 0.00%
iter 2957: loss 7.3904, time 172.37ms, mfu 0.00%
iter 2958: loss 6.4480, time 174.34ms, mfu 0.00%
iter 2959: loss 7.1929, time 172.31ms, mfu 0.00%
iter 2960: loss 6.5671, time 172.04ms, mfu 0.00%
iter 2961: loss 6.7425, time 172.57ms, mfu 0.00%
iter 2962: loss 6.3690, time 173.95ms, mfu 0.00%
iter 2963: loss 6.5957, time 174.58ms, mfu 0.00%
iter 2964: loss 6.6597, time 172.28ms, mfu 0.00%
iter 2965: loss 5.8471, time 174.40ms, mfu 0.00%
iter 2966: loss 6.5919, time 172.24ms, mfu 0.00%
iter 2967: loss 6.3428, time 171.92ms, mfu 0.00%
iter 2968: loss 6.3856, time 174.82ms, mfu 0.00%
iter 2969: loss 6.2926, time 172.63ms, mfu 0.00%
iter 2970: loss 5.9240, time 174.41ms, mfu 0.00%
iter 2971: loss 8.0616, time 172.18ms, mfu 0.00%
iter 2972: loss 5.7140, time 172.08ms, mfu 0.00%
iter 2973: loss 6.6731, time 172.09ms, mfu 0.00%
iter 2974: loss 7.1687, time 172.01ms, mfu 0.00%
iter 2975: loss 5.9814, time 171.99ms, mfu 0.00%
iter 2976: loss 5.9814, time 172.29ms, mfu 0.00%
iter 2977: loss 7.1085, time 174.49ms, mfu 0.00%
iter 2978: loss 6.2989, time 174.61ms, mfu 0.00%
iter 2979: loss 6.3586, time 174.99ms, mfu 0.00%
iter 2980: loss 6.8294, time 174.30ms, mfu 0.00%
iter 2981: loss 6.7447, time 174.79ms, mfu 0.00%
iter 2982: loss 5.6643, time 174.17ms, mfu 0.00%
iter 2983: loss 6.5904, time 175.00ms, mfu 0.00%
iter 2984: loss 6.5452, time 174.30ms, mfu 0.00%
iter 2985: loss 6.2761, time 174.55ms, mfu 0.00%
iter 2986: loss 6.5106, time 172.16ms, mfu 0.00%
iter 2987: loss 6.4015, time 171.95ms, mfu 0.00%
iter 2988: loss 6.1858, time 172.16ms, mfu 0.00%
iter 2989: loss 6.7198, time 172.17ms, mfu 0.00%
iter 2990: loss 6.5817, time 174.02ms, mfu 0.00%
iter 2991: loss 6.7961, time 174.09ms, mfu 0.00%
iter 2992: loss 6.6010, time 174.05ms, mfu 0.00%
iter 2993: loss 5.8500, time 174.73ms, mfu 0.00%
iter 2994: loss 6.0239, time 172.19ms, mfu 0.00%
iter 2995: loss 6.4774, time 172.35ms, mfu 0.00%
iter 2996: loss 6.2437, time 174.31ms, mfu 0.00%
iter 2997: loss 6.7842, time 176.02ms, mfu 0.00%
iter 2998: loss 6.0771, time 172.15ms, mfu 0.00%
iter 2999: loss 6.1797, time 174.06ms, mfu 0.00%
step 3000: train loss 6.4353, val loss 6.4183
saving checkpoint to out_ebt_openwebtext
iter 3000: loss 5.7039, time 46701.44ms, mfu 0.00%
iter 3001: loss 5.5071, time 144.46ms, mfu 0.00%
iter 3002: loss 6.7500, time 156.32ms, mfu 0.00%
iter 3003: loss 7.6635, time 165.45ms, mfu 0.00%
iter 3004: loss 6.5434, time 172.63ms, mfu 0.00%
iter 3005: loss 6.1134, time 172.81ms, mfu 0.00%
iter 3006: loss 6.5342, time 172.33ms, mfu 0.00%
iter 3007: loss 6.3630, time 172.38ms, mfu 0.00%
iter 3008: loss 5.9461, time 172.20ms, mfu 0.00%
iter 3009: loss 5.6534, time 172.10ms, mfu 0.00%
iter 3010: loss 7.2002, time 171.98ms, mfu 0.00%
iter 3011: loss 6.8911, time 172.13ms, mfu 0.00%
iter 3012: loss 6.3763, time 172.12ms, mfu 0.00%
iter 3013: loss 5.8297, time 172.37ms, mfu 0.00%
iter 3014: loss 6.2140, time 172.21ms, mfu 0.00%
iter 3015: loss 6.2630, time 172.20ms, mfu 0.00%
iter 3016: loss 6.1091, time 172.87ms, mfu 0.00%
iter 3017: loss 6.2844, time 172.31ms, mfu 0.00%
iter 3018: loss 6.6533, time 172.29ms, mfu 0.00%
iter 3019: loss 6.6385, time 172.14ms, mfu 0.00%
iter 3020: loss 5.9928, time 172.25ms, mfu 0.00%
iter 3021: loss 6.5666, time 172.26ms, mfu 0.00%
iter 3022: loss 6.6908, time 172.56ms, mfu 0.00%
iter 3023: loss 6.7968, time 172.10ms, mfu 0.00%
iter 3024: loss 6.8815, time 172.80ms, mfu 0.00%
iter 3025: loss 6.6556, time 172.16ms, mfu 0.00%
iter 3026: loss 6.3288, time 172.90ms, mfu 0.00%
iter 3027: loss 6.5071, time 172.35ms, mfu 0.00%
iter 3028: loss 5.9898, time 172.48ms, mfu 0.00%
iter 3029: loss 6.3189, time 171.99ms, mfu 0.00%
iter 3030: loss 5.8969, time 173.40ms, mfu 0.00%
iter 3031: loss 5.9518, time 172.19ms, mfu 0.00%
iter 3032: loss 6.3189, time 172.37ms, mfu 0.00%
iter 3033: loss 7.1134, time 173.30ms, mfu 0.00%
iter 3034: loss 6.0948, time 172.52ms, mfu 0.00%
iter 3035: loss 6.3594, time 172.79ms, mfu 0.00%
iter 3036: loss 5.8618, time 172.45ms, mfu 0.00%
iter 3037: loss 5.9544, time 172.43ms, mfu 0.00%
iter 3038: loss 5.9316, time 172.07ms, mfu 0.00%
iter 3039: loss 6.6484, time 172.75ms, mfu 0.00%
iter 3040: loss 6.3005, time 172.59ms, mfu 0.00%
iter 3041: loss 6.4621, time 172.43ms, mfu 0.00%
iter 3042: loss 6.4868, time 174.83ms, mfu 0.00%
iter 3043: loss 6.1091, time 172.49ms, mfu 0.00%
iter 3044: loss 6.2801, time 172.64ms, mfu 0.00%
iter 3045: loss 6.7603, time 172.42ms, mfu 0.00%
iter 3046: loss 5.9773, time 172.48ms, mfu 0.00%
iter 3047: loss 6.1799, time 172.03ms, mfu 0.00%
iter 3048: loss 6.2463, time 174.70ms, mfu 0.00%
iter 3049: loss 6.6662, time 172.62ms, mfu 0.00%
iter 3050: loss 6.4408, time 172.40ms, mfu 0.00%
iter 3051: loss 7.1745, time 172.36ms, mfu 0.00%
iter 3052: loss 6.1670, time 172.45ms, mfu 0.00%
iter 3053: loss 6.4160, time 172.44ms, mfu 0.00%
iter 3054: loss 6.5888, time 172.17ms, mfu 0.00%
iter 3055: loss 6.2512, time 172.36ms, mfu 0.00%
iter 3056: loss 6.6399, time 172.38ms, mfu 0.00%
iter 3057: loss 6.6587, time 172.30ms, mfu 0.00%
iter 3058: loss 6.2527, time 172.80ms, mfu 0.00%
iter 3059: loss 6.1531, time 172.82ms, mfu 0.00%
iter 3060: loss 6.1548, time 172.24ms, mfu 0.00%
iter 3061: loss 6.0744, time 172.74ms, mfu 0.00%
iter 3062: loss 6.5732, time 172.95ms, mfu 0.00%
iter 3063: loss 6.4745, time 172.23ms, mfu 0.00%
iter 3064: loss 6.1262, time 172.74ms, mfu 0.00%
iter 3065: loss 6.5982, time 172.42ms, mfu 0.00%
iter 3066: loss 6.6268, time 172.41ms, mfu 0.00%
iter 3067: loss 6.5925, time 172.40ms, mfu 0.00%
iter 3068: loss 6.5159, time 172.35ms, mfu 0.00%
iter 3069: loss 5.7401, time 172.48ms, mfu 0.00%
iter 3070: loss 6.4205, time 174.64ms, mfu 0.00%
iter 3071: loss 6.1717, time 172.46ms, mfu 0.00%
iter 3072: loss 6.8262, time 172.78ms, mfu 0.00%
iter 3073: loss 6.0095, time 172.34ms, mfu 0.00%
iter 3074: loss 6.2797, time 172.92ms, mfu 0.00%
iter 3075: loss 6.1191, time 172.52ms, mfu 0.00%
iter 3076: loss 6.7022, time 172.69ms, mfu 0.00%
iter 3077: loss 6.6320, time 172.55ms, mfu 0.00%
iter 3078: loss 6.3640, time 172.69ms, mfu 0.00%
iter 3079: loss 5.6752, time 172.16ms, mfu 0.00%
iter 3080: loss 5.8113, time 172.05ms, mfu 0.00%
iter 3081: loss 6.1669, time 172.25ms, mfu 0.00%
iter 3082: loss 6.4015, time 173.00ms, mfu 0.00%
iter 3083: loss 6.1715, time 172.07ms, mfu 0.00%
iter 3084: loss 6.6303, time 175.31ms, mfu 0.00%
iter 3085: loss 6.9684, time 173.21ms, mfu 0.00%
iter 3086: loss 5.7902, time 172.70ms, mfu 0.00%
iter 3087: loss 6.2711, time 172.52ms, mfu 0.00%
iter 3088: loss 6.7615, time 172.51ms, mfu 0.00%
iter 3089: loss 6.2026, time 172.25ms, mfu 0.00%
iter 3090: loss 6.3959, time 172.44ms, mfu 0.00%
iter 3091: loss 6.1778, time 172.49ms, mfu 0.00%
iter 3092: loss 5.9991, time 172.76ms, mfu 0.00%
iter 3093: loss 6.3370, time 172.96ms, mfu 0.00%
iter 3094: loss 6.1905, time 172.93ms, mfu 0.00%
iter 3095: loss 6.2004, time 172.49ms, mfu 0.00%
iter 3096: loss 6.7790, time 172.30ms, mfu 0.00%
iter 3097: loss 6.5289, time 172.06ms, mfu 0.00%
iter 3098: loss 6.4708, time 172.44ms, mfu 0.00%
iter 3099: loss 6.8924, time 172.32ms, mfu 0.00%
iter 3100: loss 7.0108, time 172.39ms, mfu 0.00%
iter 3101: loss 6.4697, time 172.23ms, mfu 0.00%
iter 3102: loss 6.3470, time 172.47ms, mfu 0.00%
iter 3103: loss 6.5085, time 172.65ms, mfu 0.00%
iter 3104: loss 5.9392, time 172.36ms, mfu 0.00%
iter 3105: loss 6.6690, time 172.11ms, mfu 0.00%
iter 3106: loss 6.0666, time 172.71ms, mfu 0.00%
iter 3107: loss 6.4322, time 172.27ms, mfu 0.00%
iter 3108: loss 5.4558, time 172.50ms, mfu 0.00%
iter 3109: loss 6.6390, time 172.44ms, mfu 0.00%
iter 3110: loss 6.1109, time 172.95ms, mfu 0.00%
iter 3111: loss 5.9814, time 172.23ms, mfu 0.00%
iter 3112: loss 6.7515, time 172.28ms, mfu 0.00%
iter 3113: loss 6.4547, time 172.41ms, mfu 0.00%
iter 3114: loss 6.3816, time 172.28ms, mfu 0.00%
iter 3115: loss 6.3727, time 172.59ms, mfu 0.00%
iter 3116: loss 5.9983, time 172.75ms, mfu 0.00%
iter 3117: loss 6.9497, time 172.44ms, mfu 0.00%
iter 3118: loss 6.2216, time 172.47ms, mfu 0.00%
iter 3119: loss 5.9973, time 172.10ms, mfu 0.00%
iter 3120: loss 6.2807, time 172.28ms, mfu 0.00%
iter 3121: loss 6.4101, time 172.33ms, mfu 0.00%
iter 3122: loss 6.5170, time 172.76ms, mfu 0.00%
iter 3123: loss 5.7736, time 172.34ms, mfu 0.00%
iter 3124: loss 6.1077, time 172.09ms, mfu 0.00%
iter 3125: loss 6.2507, time 172.25ms, mfu 0.00%
iter 3126: loss 6.8803, time 172.34ms, mfu 0.00%
iter 3127: loss 6.1532, time 172.41ms, mfu 0.00%
iter 3128: loss 6.3665, time 172.19ms, mfu 0.00%
iter 3129: loss 6.1464, time 172.17ms, mfu 0.00%
iter 3130: loss 6.0625, time 171.91ms, mfu 0.00%
iter 3131: loss 6.6808, time 172.33ms, mfu 0.00%
iter 3132: loss 5.7897, time 172.51ms, mfu 0.00%
iter 3133: loss 5.9591, time 172.48ms, mfu 0.00%
iter 3134: loss 6.7631, time 172.49ms, mfu 0.00%
iter 3135: loss 6.4640, time 172.35ms, mfu 0.00%
iter 3136: loss 5.8268, time 175.35ms, mfu 0.00%
iter 3137: loss 7.0628, time 172.37ms, mfu 0.00%
iter 3138: loss 6.4938, time 172.24ms, mfu 0.00%
iter 3139: loss 6.7369, time 174.38ms, mfu 0.00%
iter 3140: loss 6.7932, time 172.97ms, mfu 0.00%
iter 3141: loss 6.4733, time 175.70ms, mfu 0.00%
iter 3142: loss 6.6006, time 172.19ms, mfu 0.00%
iter 3143: loss 6.2089, time 174.69ms, mfu 0.00%
iter 3144: loss 5.9903, time 172.62ms, mfu 0.00%
iter 3145: loss 5.8103, time 175.60ms, mfu 0.00%
iter 3146: loss 6.0557, time 175.81ms, mfu 0.00%
iter 3147: loss 6.2247, time 175.24ms, mfu 0.00%
iter 3148: loss 6.4380, time 174.34ms, mfu 0.00%
iter 3149: loss 6.3042, time 172.69ms, mfu 0.00%
iter 3150: loss 6.3550, time 175.23ms, mfu 0.00%
iter 3151: loss 6.6757, time 172.94ms, mfu 0.00%
iter 3152: loss 6.6176, time 175.76ms, mfu 0.00%
iter 3153: loss 6.3117, time 174.31ms, mfu 0.00%
iter 3154: loss 6.6205, time 172.25ms, mfu 0.00%
iter 3155: loss 6.3028, time 172.52ms, mfu 0.00%
iter 3156: loss 6.0720, time 174.77ms, mfu 0.00%
iter 3157: loss 6.2811, time 172.45ms, mfu 0.00%
iter 3158: loss 7.3996, time 172.80ms, mfu 0.00%
iter 3159: loss 6.5180, time 174.85ms, mfu 0.00%
iter 3160: loss 6.8550, time 174.62ms, mfu 0.00%
iter 3161: loss 6.6381, time 175.11ms, mfu 0.00%
iter 3162: loss 6.5317, time 175.33ms, mfu 0.00%
iter 3163: loss 5.8069, time 175.02ms, mfu 0.00%
iter 3164: loss 6.6068, time 174.57ms, mfu 0.00%
iter 3165: loss 6.9310, time 172.88ms, mfu 0.00%
iter 3166: loss 5.7899, time 172.61ms, mfu 0.00%
iter 3167: loss 6.4747, time 172.37ms, mfu 0.00%
iter 3168: loss 6.7575, time 172.61ms, mfu 0.00%
iter 3169: loss 7.2104, time 174.34ms, mfu 0.00%
iter 3170: loss 6.2649, time 172.85ms, mfu 0.00%
iter 3171: loss 5.8784, time 172.23ms, mfu 0.00%
iter 3172: loss 6.3322, time 172.91ms, mfu 0.00%
iter 3173: loss 5.6159, time 172.31ms, mfu 0.00%
iter 3174: loss 5.9828, time 174.52ms, mfu 0.00%
iter 3175: loss 6.2958, time 172.54ms, mfu 0.00%
iter 3176: loss 6.3460, time 172.48ms, mfu 0.00%
iter 3177: loss 5.9765, time 172.33ms, mfu 0.00%
iter 3178: loss 6.7287, time 172.25ms, mfu 0.00%
iter 3179: loss 6.2242, time 174.77ms, mfu 0.00%
iter 3180: loss 6.0240, time 172.42ms, mfu 0.00%
iter 3181: loss 6.4025, time 175.19ms, mfu 0.00%
iter 3182: loss 5.9019, time 172.97ms, mfu 0.00%
iter 3183: loss 6.6699, time 172.41ms, mfu 0.00%
iter 3184: loss 5.9016, time 172.43ms, mfu 0.00%
iter 3185: loss 6.8925, time 174.29ms, mfu 0.00%
iter 3186: loss 6.1319, time 172.97ms, mfu 0.00%
iter 3187: loss 6.7002, time 172.76ms, mfu 0.00%
iter 3188: loss 5.9906, time 174.50ms, mfu 0.00%
iter 3189: loss 6.1950, time 174.81ms, mfu 0.00%
iter 3190: loss 6.1957, time 175.72ms, mfu 0.00%
iter 3191: loss 6.5872, time 175.64ms, mfu 0.00%
iter 3192: loss 5.3021, time 174.86ms, mfu 0.00%
iter 3193: loss 6.0726, time 172.20ms, mfu 0.00%
iter 3194: loss 6.6989, time 174.59ms, mfu 0.00%
iter 3195: loss 5.4249, time 172.37ms, mfu 0.00%
iter 3196: loss 6.5409, time 174.84ms, mfu 0.00%
iter 3197: loss 6.5903, time 172.41ms, mfu 0.00%
iter 3198: loss 5.8209, time 174.48ms, mfu 0.00%
iter 3199: loss 5.9694, time 172.33ms, mfu 0.00%
iter 3200: loss 6.7198, time 174.48ms, mfu 0.00%
iter 3201: loss 6.1585, time 172.83ms, mfu 0.00%
iter 3202: loss 6.1199, time 174.40ms, mfu 0.00%
iter 3203: loss 6.1179, time 172.25ms, mfu 0.00%
iter 3204: loss 5.8313, time 172.38ms, mfu 0.00%
iter 3205: loss 6.7851, time 172.22ms, mfu 0.00%
iter 3206: loss 7.2082, time 175.81ms, mfu 0.00%
iter 3207: loss 6.1953, time 175.69ms, mfu 0.00%
iter 3208: loss 7.0062, time 174.74ms, mfu 0.00%
iter 3209: loss 6.2004, time 174.76ms, mfu 0.00%
iter 3210: loss 6.6354, time 172.63ms, mfu 0.00%
iter 3211: loss 6.2511, time 174.78ms, mfu 0.00%
iter 3212: loss 6.2695, time 174.95ms, mfu 0.00%
iter 3213: loss 5.9609, time 176.81ms, mfu 0.00%
iter 3214: loss 5.9786, time 178.85ms, mfu 0.00%
iter 3215: loss 6.2041, time 180.53ms, mfu 0.00%
iter 3216: loss 5.8642, time 152.98ms, mfu 0.00%
iter 3217: loss 6.4413, time 172.16ms, mfu 0.00%
iter 3218: loss 6.2860, time 175.91ms, mfu 0.00%
iter 3219: loss 6.2952, time 174.75ms, mfu 0.00%
iter 3220: loss 6.3855, time 173.33ms, mfu 0.00%
iter 3221: loss 6.2071, time 173.33ms, mfu 0.00%
iter 3222: loss 7.1323, time 174.57ms, mfu 0.00%
iter 3223: loss 6.3485, time 175.05ms, mfu 0.00%
iter 3224: loss 6.9826, time 177.89ms, mfu 0.00%
iter 3225: loss 6.0634, time 173.52ms, mfu 0.00%
iter 3226: loss 6.3614, time 175.38ms, mfu 0.00%
iter 3227: loss 6.1794, time 172.94ms, mfu 0.00%
iter 3228: loss 6.3344, time 173.06ms, mfu 0.00%
iter 3229: loss 7.0694, time 172.76ms, mfu 0.00%
iter 3230: loss 6.7241, time 173.27ms, mfu 0.00%
iter 3231: loss 6.3005, time 175.59ms, mfu 0.00%
iter 3232: loss 6.1537, time 173.82ms, mfu 0.00%
iter 3233: loss 6.1742, time 174.74ms, mfu 0.00%
iter 3234: loss 6.2459, time 176.57ms, mfu 0.00%
iter 3235: loss 5.8418, time 175.02ms, mfu 0.00%
iter 3236: loss 6.3175, time 174.66ms, mfu 0.00%
iter 3237: loss 6.5524, time 179.67ms, mfu 0.00%
iter 3238: loss 6.4729, time 178.01ms, mfu 0.00%
iter 3239: loss 6.0809, time 183.28ms, mfu 0.00%
iter 3240: loss 5.8188, time 175.17ms, mfu 0.00%
iter 3241: loss 6.0679, time 181.55ms, mfu 0.00%
iter 3242: loss 8.8647, time 173.34ms, mfu 0.00%
iter 3243: loss 6.3417, time 173.08ms, mfu 0.00%
iter 3244: loss 7.3363, time 174.91ms, mfu 0.00%
iter 3245: loss 6.4945, time 173.02ms, mfu 0.00%
iter 3246: loss 5.7774, time 172.87ms, mfu 0.00%
iter 3247: loss 6.4960, time 172.96ms, mfu 0.00%
iter 3248: loss 7.0095, time 173.14ms, mfu 0.00%
iter 3249: loss 6.4325, time 173.42ms, mfu 0.00%
iter 3250: loss 6.5625, time 172.76ms, mfu 0.00%
iter 3251: loss 6.2799, time 173.23ms, mfu 0.00%
iter 3252: loss 7.0345, time 173.06ms, mfu 0.00%
iter 3253: loss 6.3255, time 173.37ms, mfu 0.00%
iter 3254: loss 6.7158, time 173.54ms, mfu 0.00%
iter 3255: loss 6.5573, time 173.22ms, mfu 0.00%
iter 3256: loss 5.8448, time 173.87ms, mfu 0.00%
iter 3257: loss 6.0656, time 173.10ms, mfu 0.00%
iter 3258: loss 6.5312, time 172.81ms, mfu 0.00%
iter 3259: loss 5.7978, time 173.01ms, mfu 0.00%
iter 3260: loss 5.8891, time 176.12ms, mfu 0.00%
iter 3261: loss 6.1532, time 173.18ms, mfu 0.00%
iter 3262: loss 6.9349, time 172.92ms, mfu 0.00%
iter 3263: loss 6.9121, time 173.39ms, mfu 0.00%
iter 3264: loss 6.7766, time 172.89ms, mfu 0.00%
iter 3265: loss 6.1029, time 173.13ms, mfu 0.00%
iter 3266: loss 6.0234, time 173.35ms, mfu 0.00%
iter 3267: loss 6.0910, time 174.61ms, mfu 0.00%
iter 3268: loss 6.6180, time 172.62ms, mfu 0.00%
iter 3269: loss 6.5011, time 173.03ms, mfu 0.00%
iter 3270: loss 6.2813, time 173.10ms, mfu 0.00%
iter 3271: loss 6.7448, time 172.90ms, mfu 0.00%
iter 3272: loss 6.5950, time 173.28ms, mfu 0.00%
iter 3273: loss 6.0196, time 175.69ms, mfu 0.00%
iter 3274: loss 6.4068, time 172.57ms, mfu 0.00%
iter 3275: loss 5.7675, time 172.68ms, mfu 0.00%
iter 3276: loss 6.3264, time 172.75ms, mfu 0.00%
iter 3277: loss 6.7741, time 172.62ms, mfu 0.00%
iter 3278: loss 6.2030, time 172.59ms, mfu 0.00%
iter 3279: loss 6.6201, time 172.62ms, mfu 0.00%
iter 3280: loss 6.5309, time 172.84ms, mfu 0.00%
iter 3281: loss 6.4718, time 173.55ms, mfu 0.00%
iter 3282: loss 6.1541, time 173.20ms, mfu 0.00%
iter 3283: loss 7.7848, time 173.25ms, mfu 0.00%
iter 3284: loss 6.4547, time 173.61ms, mfu 0.00%
iter 3285: loss 6.9453, time 173.50ms, mfu 0.00%
iter 3286: loss 6.1128, time 173.65ms, mfu 0.00%
iter 3287: loss 7.4160, time 177.36ms, mfu 0.00%
iter 3288: loss 6.2792, time 173.32ms, mfu 0.00%
iter 3289: loss 6.0913, time 174.71ms, mfu 0.00%
iter 3290: loss 6.3715, time 175.05ms, mfu 0.00%
iter 3291: loss 6.4045, time 173.57ms, mfu 0.00%
iter 3292: loss 6.3432, time 173.23ms, mfu 0.00%
iter 3293: loss 6.4654, time 174.04ms, mfu 0.00%
iter 3294: loss 6.7254, time 174.44ms, mfu 0.00%
iter 3295: loss 6.0742, time 173.70ms, mfu 0.00%
iter 3296: loss 6.1980, time 174.20ms, mfu 0.00%
iter 3297: loss 5.8742, time 172.88ms, mfu 0.00%
iter 3298: loss 6.1063, time 175.50ms, mfu 0.00%
iter 3299: loss 6.1320, time 173.20ms, mfu 0.00%
iter 3300: loss 5.8724, time 173.19ms, mfu 0.00%
iter 3301: loss 6.4834, time 173.12ms, mfu 0.00%
iter 3302: loss 5.6296, time 173.59ms, mfu 0.00%
iter 3303: loss 6.0942, time 173.12ms, mfu 0.00%
iter 3304: loss 7.1284, time 172.70ms, mfu 0.00%
iter 3305: loss 6.6476, time 172.86ms, mfu 0.00%
iter 3306: loss 6.4011, time 172.87ms, mfu 0.00%
iter 3307: loss 6.4436, time 172.60ms, mfu 0.00%
iter 3308: loss 6.4505, time 172.75ms, mfu 0.00%
iter 3309: loss 5.6944, time 173.24ms, mfu 0.00%
iter 3310: loss 6.0025, time 173.76ms, mfu 0.00%
iter 3311: loss 6.2748, time 172.92ms, mfu 0.00%
iter 3312: loss 5.6628, time 173.26ms, mfu 0.00%
iter 3313: loss 5.8232, time 173.38ms, mfu 0.00%
iter 3314: loss 6.4070, time 173.02ms, mfu 0.00%
iter 3315: loss 5.5377, time 173.27ms, mfu 0.00%
iter 3316: loss 6.3226, time 173.62ms, mfu 0.00%
iter 3317: loss 6.4303, time 173.84ms, mfu 0.00%
iter 3318: loss 6.4586, time 173.57ms, mfu 0.00%
iter 3319: loss 6.5382, time 174.23ms, mfu 0.00%
iter 3320: loss 5.7886, time 173.56ms, mfu 0.00%
iter 3321: loss 5.9324, time 173.30ms, mfu 0.00%
iter 3322: loss 7.5899, time 173.24ms, mfu 0.00%
iter 3323: loss 6.2216, time 173.18ms, mfu 0.00%
iter 3324: loss 6.2340, time 173.83ms, mfu 0.00%
iter 3325: loss 6.3365, time 173.16ms, mfu 0.00%
iter 3326: loss 6.7039, time 173.61ms, mfu 0.00%
iter 3327: loss 5.6436, time 173.05ms, mfu 0.00%
iter 3328: loss 6.8904, time 173.59ms, mfu 0.00%
iter 3329: loss 5.9961, time 173.40ms, mfu 0.00%
iter 3330: loss 6.3826, time 173.34ms, mfu 0.00%
iter 3331: loss 7.2842, time 173.28ms, mfu 0.00%
iter 3332: loss 7.0346, time 173.02ms, mfu 0.00%
iter 3333: loss 6.3785, time 173.36ms, mfu 0.00%
iter 3334: loss 6.1056, time 173.08ms, mfu 0.00%
iter 3335: loss 6.7427, time 173.08ms, mfu 0.00%
iter 3336: loss 5.9575, time 172.74ms, mfu 0.00%
iter 3337: loss 6.0727, time 172.80ms, mfu 0.00%
iter 3338: loss 6.0993, time 172.57ms, mfu 0.00%
iter 3339: loss 6.0373, time 172.84ms, mfu 0.00%
iter 3340: loss 6.6089, time 172.93ms, mfu 0.00%
iter 3341: loss 5.4625, time 172.91ms, mfu 0.00%
iter 3342: loss 6.3750, time 172.93ms, mfu 0.00%
iter 3343: loss 6.0144, time 172.44ms, mfu 0.00%
iter 3344: loss 5.8574, time 172.80ms, mfu 0.00%
iter 3345: loss 6.2118, time 172.78ms, mfu 0.00%
iter 3346: loss 6.4211, time 172.84ms, mfu 0.00%
iter 3347: loss 5.9625, time 173.29ms, mfu 0.00%
iter 3348: loss 5.9856, time 173.07ms, mfu 0.00%
iter 3349: loss 6.2303, time 175.11ms, mfu 0.00%
iter 3350: loss 6.7682, time 172.71ms, mfu 0.00%
iter 3351: loss 6.0140, time 172.75ms, mfu 0.00%
iter 3352: loss 5.9166, time 172.95ms, mfu 0.00%
iter 3353: loss 6.6803, time 172.92ms, mfu 0.00%
iter 3354: loss 6.3081, time 172.69ms, mfu 0.00%
iter 3355: loss 6.0596, time 172.51ms, mfu 0.00%
iter 3356: loss 6.7964, time 176.14ms, mfu 0.00%
iter 3357: loss 6.2232, time 173.15ms, mfu 0.00%
iter 3358: loss 6.1148, time 173.15ms, mfu 0.00%
iter 3359: loss 6.1540, time 172.77ms, mfu 0.00%
iter 3360: loss 6.4589, time 172.88ms, mfu 0.00%
iter 3361: loss 5.9007, time 172.99ms, mfu 0.00%
iter 3362: loss 7.0253, time 176.36ms, mfu 0.00%
iter 3363: loss 6.8784, time 172.62ms, mfu 0.00%
iter 3364: loss 6.8144, time 172.68ms, mfu 0.00%
iter 3365: loss 6.1960, time 173.10ms, mfu 0.00%
iter 3366: loss 6.5509, time 172.60ms, mfu 0.00%
iter 3367: loss 6.6643, time 172.81ms, mfu 0.00%
iter 3368: loss 6.9860, time 172.82ms, mfu 0.00%
iter 3369: loss 6.4589, time 172.78ms, mfu 0.00%
iter 3370: loss 6.7039, time 172.86ms, mfu 0.00%
iter 3371: loss 6.4909, time 172.62ms, mfu 0.00%
iter 3372: loss 6.3581, time 172.82ms, mfu 0.00%
iter 3373: loss 5.7144, time 172.66ms, mfu 0.00%
iter 3374: loss 7.0222, time 175.49ms, mfu 0.00%
iter 3375: loss 6.2321, time 174.47ms, mfu 0.00%
iter 3376: loss 6.2070, time 183.16ms, mfu 0.00%
iter 3377: loss 6.0638, time 179.78ms, mfu 0.00%
iter 3378: loss 6.5386, time 181.01ms, mfu 0.00%
iter 3379: loss 7.0957, time 191.68ms, mfu 0.00%
iter 3380: loss 6.2322, time 184.80ms, mfu 0.00%
iter 3381: loss 5.8813, time 174.02ms, mfu 0.00%
iter 3382: loss 7.0465, time 177.34ms, mfu 0.00%
iter 3383: loss 6.3926, time 173.83ms, mfu 0.00%
iter 3384: loss 5.6587, time 176.71ms, mfu 0.00%
iter 3385: loss 6.7329, time 175.25ms, mfu 0.00%
iter 3386: loss 6.5332, time 174.71ms, mfu 0.00%
iter 3387: loss 7.0247, time 170.63ms, mfu 0.00%
iter 3388: loss 6.6340, time 147.51ms, mfu 0.00%
iter 3389: loss 6.6884, time 146.75ms, mfu 0.00%
iter 3390: loss 7.0042, time 147.77ms, mfu 0.00%
iter 3391: loss 5.6766, time 146.35ms, mfu 0.00%
iter 3392: loss 6.1131, time 146.28ms, mfu 0.00%
iter 3393: loss 6.4867, time 146.40ms, mfu 0.00%
iter 3394: loss 6.4941, time 146.67ms, mfu 0.00%
iter 3395: loss 6.2572, time 146.67ms, mfu 0.00%
iter 3396: loss 6.7702, time 146.86ms, mfu 0.00%
iter 3397: loss 6.2367, time 147.14ms, mfu 0.00%
iter 3398: loss 6.5559, time 146.43ms, mfu 0.00%
iter 3399: loss 6.3555, time 146.58ms, mfu 0.00%
iter 3400: loss 6.1326, time 146.31ms, mfu 0.00%
iter 3401: loss 6.1350, time 146.72ms, mfu 0.00%
iter 3402: loss 6.8289, time 146.17ms, mfu 0.00%
iter 3403: loss 6.0807, time 163.00ms, mfu 0.00%
iter 3404: loss 6.7473, time 174.18ms, mfu 0.00%
iter 3405: loss 6.3988, time 178.76ms, mfu 0.00%
iter 3406: loss 6.5777, time 181.53ms, mfu 0.00%
iter 3407: loss 6.1843, time 180.79ms, mfu 0.00%
iter 3408: loss 6.1837, time 182.44ms, mfu 0.00%
iter 3409: loss 6.5446, time 182.76ms, mfu 0.00%
iter 3410: loss 6.2905, time 184.81ms, mfu 0.00%
iter 3411: loss 6.5907, time 190.02ms, mfu 0.00%
iter 3412: loss 5.8954, time 190.27ms, mfu 0.00%
iter 3413: loss 6.2669, time 183.36ms, mfu 0.00%
iter 3414: loss 5.9531, time 154.44ms, mfu 0.00%
iter 3415: loss 5.8211, time 158.91ms, mfu 0.00%
iter 3416: loss 6.6944, time 177.46ms, mfu 0.00%
iter 3417: loss 6.5242, time 186.21ms, mfu 0.00%
iter 3418: loss 6.1636, time 186.02ms, mfu 0.00%
iter 3419: loss 6.2706, time 186.36ms, mfu 0.00%
iter 3420: loss 6.7213, time 186.48ms, mfu 0.00%
iter 3421: loss 6.3233, time 186.86ms, mfu 0.00%
iter 3422: loss 6.3591, time 186.83ms, mfu 0.00%
iter 3423: loss 6.2583, time 186.53ms, mfu 0.00%
iter 3424: loss 6.5386, time 186.05ms, mfu 0.00%
iter 3425: loss 6.5918, time 185.84ms, mfu 0.00%
iter 3426: loss 5.8656, time 186.70ms, mfu 0.00%
iter 3427: loss 6.3951, time 186.04ms, mfu 0.00%
iter 3428: loss 5.8038, time 186.70ms, mfu 0.00%
iter 3429: loss 6.8770, time 186.44ms, mfu 0.00%
iter 3430: loss 6.5263, time 186.02ms, mfu 0.00%
iter 3431: loss 5.9564, time 186.28ms, mfu 0.00%
iter 3432: loss 6.7528, time 186.63ms, mfu 0.00%
iter 3433: loss 6.1461, time 186.78ms, mfu 0.00%
iter 3434: loss 6.0257, time 186.79ms, mfu 0.00%
iter 3435: loss 6.0083, time 185.98ms, mfu 0.00%
iter 3436: loss 6.6144, time 187.07ms, mfu 0.00%
iter 3437: loss 6.4693, time 182.41ms, mfu 0.00%
iter 3438: loss 6.5786, time 186.51ms, mfu 0.00%
iter 3439: loss 6.7109, time 186.88ms, mfu 0.00%
iter 3440: loss 6.0250, time 186.81ms, mfu 0.00%
iter 3441: loss 6.6672, time 186.96ms, mfu 0.00%
iter 3442: loss 5.8553, time 186.15ms, mfu 0.00%
iter 3443: loss 6.6933, time 186.34ms, mfu 0.00%
iter 3444: loss 6.1345, time 186.29ms, mfu 0.00%
iter 3445: loss 6.4081, time 186.11ms, mfu 0.00%
iter 3446: loss 6.4227, time 186.27ms, mfu 0.00%
iter 3447: loss 6.1030, time 185.99ms, mfu 0.00%
iter 3448: loss 6.3678, time 186.04ms, mfu 0.00%
iter 3449: loss 6.0871, time 186.87ms, mfu 0.00%
iter 3450: loss 6.2816, time 186.97ms, mfu 0.00%
iter 3451: loss 6.6081, time 186.32ms, mfu 0.00%
iter 3452: loss 5.6557, time 186.02ms, mfu 0.00%
iter 3453: loss 6.1061, time 186.70ms, mfu 0.00%
iter 3454: loss 6.9076, time 185.85ms, mfu 0.00%
iter 3455: loss 6.0187, time 186.27ms, mfu 0.00%
iter 3456: loss 6.3252, time 186.93ms, mfu 0.00%
iter 3457: loss 6.8430, time 186.04ms, mfu 0.00%
iter 3458: loss 6.4059, time 186.78ms, mfu 0.00%
iter 3459: loss 6.3225, time 187.44ms, mfu 0.00%
iter 3460: loss 6.2224, time 188.99ms, mfu 0.00%
iter 3461: loss 6.1114, time 180.93ms, mfu 0.00%
iter 3462: loss 6.2247, time 185.92ms, mfu 0.00%
iter 3463: loss 6.1641, time 185.89ms, mfu 0.00%
iter 3464: loss 6.5519, time 185.83ms, mfu 0.00%
iter 3465: loss 6.3433, time 186.11ms, mfu 0.00%
iter 3466: loss 7.6910, time 185.91ms, mfu 0.00%
iter 3467: loss 6.1483, time 186.21ms, mfu 0.00%
iter 3468: loss 6.2288, time 185.85ms, mfu 0.00%
iter 3469: loss 6.3739, time 186.45ms, mfu 0.00%
iter 3470: loss 6.6756, time 186.68ms, mfu 0.00%
iter 3471: loss 6.7621, time 185.91ms, mfu 0.00%
iter 3472: loss 6.3883, time 186.51ms, mfu 0.00%
iter 3473: loss 6.6821, time 186.28ms, mfu 0.00%
iter 3474: loss 6.6642, time 185.69ms, mfu 0.00%
iter 3475: loss 5.9606, time 168.92ms, mfu 0.00%
iter 3476: loss 6.3241, time 180.41ms, mfu 0.00%
iter 3477: loss 7.0900, time 181.00ms, mfu 0.00%
iter 3478: loss 5.5872, time 186.88ms, mfu 0.00%
iter 3479: loss 6.3730, time 186.76ms, mfu 0.00%
iter 3480: loss 6.6293, time 186.66ms, mfu 0.00%
iter 3481: loss 6.3276, time 186.97ms, mfu 0.00%
iter 3482: loss 6.5183, time 185.78ms, mfu 0.00%
iter 3483: loss 6.2962, time 170.37ms, mfu 0.00%
iter 3484: loss 6.3837, time 186.62ms, mfu 0.00%
iter 3485: loss 6.3568, time 185.90ms, mfu 0.00%
iter 3486: loss 6.3302, time 186.06ms, mfu 0.00%
iter 3487: loss 6.1462, time 186.25ms, mfu 0.00%
iter 3488: loss 6.4302, time 185.89ms, mfu 0.00%
iter 3489: loss 7.2240, time 185.70ms, mfu 0.00%
iter 3490: loss 6.9377, time 186.00ms, mfu 0.00%
iter 3491: loss 5.9577, time 186.03ms, mfu 0.00%
iter 3492: loss 6.4044, time 186.36ms, mfu 0.00%
iter 3493: loss 6.5717, time 185.75ms, mfu 0.00%
iter 3494: loss 6.2086, time 185.82ms, mfu 0.00%
iter 3495: loss 6.2659, time 185.87ms, mfu 0.00%
iter 3496: loss 6.7358, time 186.25ms, mfu 0.00%
iter 3497: loss 6.4405, time 186.90ms, mfu 0.00%
iter 3498: loss 5.8810, time 186.62ms, mfu 0.00%
iter 3499: loss 6.4200, time 187.00ms, mfu 0.00%
step 3500: train loss 6.4528, val loss 6.4196
saving checkpoint to out_ebt_openwebtext
iter 3500: loss 6.3046, time 40446.05ms, mfu 0.00%
iter 3501: loss 6.0573, time 152.63ms, mfu 0.00%
iter 3502: loss 5.4951, time 165.10ms, mfu 0.00%
iter 3503: loss 6.6406, time 167.64ms, mfu 0.00%
iter 3504: loss 6.5708, time 188.35ms, mfu 0.00%
iter 3505: loss 6.1358, time 190.51ms, mfu 0.00%
iter 3506: loss 6.4160, time 189.95ms, mfu 0.00%
iter 3507: loss 5.6591, time 190.65ms, mfu 0.00%
iter 3508: loss 6.5497, time 190.36ms, mfu 0.00%
iter 3509: loss 6.3974, time 190.24ms, mfu 0.00%
iter 3510: loss 6.6132, time 186.26ms, mfu 0.00%
iter 3511: loss 6.5803, time 186.04ms, mfu 0.00%
iter 3512: loss 6.2899, time 185.28ms, mfu 0.00%
iter 3513: loss 6.4055, time 186.40ms, mfu 0.00%
iter 3514: loss 6.1400, time 184.91ms, mfu 0.00%
iter 3515: loss 8.2803, time 179.68ms, mfu 0.00%
iter 3516: loss 6.2807, time 186.76ms, mfu 0.00%
iter 3517: loss 6.9998, time 187.31ms, mfu 0.00%
iter 3518: loss 5.8005, time 186.80ms, mfu 0.00%
iter 3519: loss 5.5404, time 186.51ms, mfu 0.00%
iter 3520: loss 6.8252, time 186.40ms, mfu 0.00%
iter 3521: loss 6.0711, time 185.87ms, mfu 0.00%
iter 3522: loss 5.7673, time 186.63ms, mfu 0.00%
iter 3523: loss 6.0195, time 186.44ms, mfu 0.00%
iter 3524: loss 7.0211, time 186.09ms, mfu 0.00%
iter 3525: loss 5.6604, time 187.01ms, mfu 0.00%
iter 3526: loss 6.6334, time 185.98ms, mfu 0.00%
iter 3527: loss 6.4252, time 186.17ms, mfu 0.00%
iter 3528: loss 6.0818, time 186.69ms, mfu 0.00%
iter 3529: loss 6.5713, time 186.39ms, mfu 0.00%
iter 3530: loss 5.7665, time 186.93ms, mfu 0.00%
iter 3531: loss 6.5188, time 187.76ms, mfu 0.00%
iter 3532: loss 7.4177, time 185.85ms, mfu 0.00%
iter 3533: loss 6.2079, time 186.11ms, mfu 0.00%
iter 3534: loss 5.3867, time 186.92ms, mfu 0.00%
iter 3535: loss 6.5817, time 186.85ms, mfu 0.00%
iter 3536: loss 8.0397, time 186.35ms, mfu 0.00%
iter 3537: loss 7.2958, time 180.96ms, mfu 0.00%
iter 3538: loss 6.4596, time 190.85ms, mfu 0.00%
iter 3539: loss 6.3510, time 191.37ms, mfu 0.00%
iter 3540: loss 6.8529, time 190.10ms, mfu 0.00%
iter 3541: loss 5.9498, time 193.08ms, mfu 0.00%
iter 3542: loss 6.8789, time 191.95ms, mfu 0.00%
iter 3543: loss 6.2672, time 191.34ms, mfu 0.00%
iter 3544: loss 6.1296, time 191.57ms, mfu 0.00%
iter 3545: loss 6.1083, time 189.73ms, mfu 0.00%
iter 3546: loss 6.5540, time 190.52ms, mfu 0.00%
iter 3547: loss 5.8006, time 189.72ms, mfu 0.00%
iter 3548: loss 6.3051, time 190.04ms, mfu 0.00%
iter 3549: loss 6.4023, time 190.01ms, mfu 0.00%
iter 3550: loss 5.6704, time 190.67ms, mfu 0.00%
iter 3551: loss 6.2055, time 190.32ms, mfu 0.00%
iter 3552: loss 5.7583, time 190.21ms, mfu 0.00%
iter 3553: loss 5.9696, time 190.23ms, mfu 0.00%
iter 3554: loss 6.4003, time 191.75ms, mfu 0.00%
iter 3555: loss 5.3488, time 187.54ms, mfu 0.00%
iter 3556: loss 6.2120, time 191.08ms, mfu 0.00%
iter 3557: loss 6.5515, time 190.43ms, mfu 0.00%
iter 3558: loss 6.2103, time 189.97ms, mfu 0.00%
iter 3559: loss 6.0565, time 189.45ms, mfu 0.00%
iter 3560: loss 7.6043, time 190.27ms, mfu 0.00%
iter 3561: loss 7.0139, time 189.99ms, mfu 0.00%
iter 3562: loss 6.1810, time 187.80ms, mfu 0.00%
iter 3563: loss 6.5073, time 186.05ms, mfu 0.00%
iter 3564: loss 6.0497, time 186.54ms, mfu 0.00%
iter 3565: loss 6.6085, time 191.25ms, mfu 0.00%
iter 3566: loss 6.8490, time 188.47ms, mfu 0.00%
iter 3567: loss 6.2547, time 186.13ms, mfu 0.00%
iter 3568: loss 6.5669, time 186.15ms, mfu 0.00%
iter 3569: loss 6.2604, time 186.97ms, mfu 0.00%
iter 3570: loss 6.2944, time 186.46ms, mfu 0.00%
iter 3571: loss 6.2125, time 186.81ms, mfu 0.00%
iter 3572: loss 6.4284, time 186.78ms, mfu 0.00%
iter 3573: loss 6.7487, time 185.69ms, mfu 0.00%
iter 3574: loss 6.0697, time 187.94ms, mfu 0.00%
iter 3575: loss 6.8631, time 187.11ms, mfu 0.00%
iter 3576: loss 5.9589, time 186.88ms, mfu 0.00%
iter 3577: loss 6.4048, time 187.57ms, mfu 0.00%
iter 3578: loss 5.9657, time 186.57ms, mfu 0.00%
iter 3579: loss 6.3980, time 188.05ms, mfu 0.00%
iter 3580: loss 6.6296, time 186.44ms, mfu 0.00%
iter 3581: loss 6.0175, time 187.97ms, mfu 0.00%
iter 3582: loss 5.9583, time 187.98ms, mfu 0.00%
iter 3583: loss 6.1357, time 186.29ms, mfu 0.00%
iter 3584: loss 6.0273, time 186.42ms, mfu 0.00%
iter 3585: loss 5.6306, time 186.30ms, mfu 0.00%
iter 3586: loss 5.3790, time 187.46ms, mfu 0.00%
iter 3587: loss 6.6744, time 186.61ms, mfu 0.00%
iter 3588: loss 6.6072, time 187.72ms, mfu 0.00%
iter 3589: loss 6.3690, time 187.13ms, mfu 0.00%
iter 3590: loss 6.1246, time 185.82ms, mfu 0.00%
iter 3591: loss 6.7029, time 188.28ms, mfu 0.00%
iter 3592: loss 5.8336, time 188.19ms, mfu 0.00%
iter 3593: loss 6.1907, time 187.50ms, mfu 0.00%
iter 3594: loss 5.9573, time 188.79ms, mfu 0.00%
iter 3595: loss 6.6224, time 188.37ms, mfu 0.00%
iter 3596: loss 5.7620, time 188.33ms, mfu 0.00%
iter 3597: loss 6.6794, time 188.31ms, mfu 0.00%
iter 3598: loss 6.7004, time 191.46ms, mfu 0.00%
iter 3599: loss 6.2360, time 187.48ms, mfu 0.00%
iter 3600: loss 7.2508, time 187.29ms, mfu 0.00%
iter 3601: loss 6.2725, time 186.84ms, mfu 0.00%
iter 3602: loss 6.2742, time 187.36ms, mfu 0.00%
iter 3603: loss 7.2705, time 187.17ms, mfu 0.00%
iter 3604: loss 6.5307, time 186.57ms, mfu 0.00%
iter 3605: loss 6.1577, time 187.25ms, mfu 0.00%
iter 3606: loss 5.8471, time 187.22ms, mfu 0.00%
iter 3607: loss 6.8308, time 188.21ms, mfu 0.00%
iter 3608: loss 6.1396, time 188.92ms, mfu 0.00%
iter 3609: loss 6.4015, time 187.77ms, mfu 0.00%
iter 3610: loss 5.8072, time 189.38ms, mfu 0.00%
iter 3611: loss 5.6994, time 188.16ms, mfu 0.00%
iter 3612: loss 5.7300, time 186.83ms, mfu 0.00%
iter 3613: loss 6.2844, time 189.79ms, mfu 0.00%
iter 3614: loss 6.0686, time 189.41ms, mfu 0.00%
iter 3615: loss 7.7701, time 189.36ms, mfu 0.00%
iter 3616: loss 6.1301, time 188.12ms, mfu 0.00%
iter 3617: loss 6.1673, time 188.32ms, mfu 0.00%
iter 3618: loss 5.9524, time 187.09ms, mfu 0.00%
iter 3619: loss 6.4475, time 188.20ms, mfu 0.00%
iter 3620: loss 6.9067, time 187.79ms, mfu 0.00%
iter 3621: loss 6.2706, time 189.21ms, mfu 0.00%
iter 3622: loss 5.8952, time 186.44ms, mfu 0.00%
iter 3623: loss 6.5733, time 187.17ms, mfu 0.00%
iter 3624: loss 6.4079, time 186.05ms, mfu 0.00%
iter 3625: loss 5.9535, time 187.24ms, mfu 0.00%
iter 3626: loss 5.9719, time 189.54ms, mfu 0.00%
iter 3627: loss 6.0026, time 186.28ms, mfu 0.00%
iter 3628: loss 6.4031, time 186.00ms, mfu 0.00%
iter 3629: loss 5.5882, time 186.73ms, mfu 0.00%
iter 3630: loss 6.3531, time 186.99ms, mfu 0.00%
iter 3631: loss 6.5163, time 186.03ms, mfu 0.00%
iter 3632: loss 6.1440, time 186.91ms, mfu 0.00%
iter 3633: loss 7.6244, time 187.37ms, mfu 0.00%
iter 3634: loss 6.6513, time 186.80ms, mfu 0.00%
iter 3635: loss 6.2134, time 186.84ms, mfu 0.00%
iter 3636: loss 6.7928, time 186.82ms, mfu 0.00%
iter 3637: loss 6.5334, time 186.24ms, mfu 0.00%
iter 3638: loss 6.0824, time 186.59ms, mfu 0.00%
iter 3639: loss 6.0908, time 186.59ms, mfu 0.00%
iter 3640: loss 6.7039, time 186.54ms, mfu 0.00%
iter 3641: loss 6.9737, time 187.03ms, mfu 0.00%
iter 3642: loss 6.9441, time 186.28ms, mfu 0.00%
iter 3643: loss 5.9147, time 186.27ms, mfu 0.00%
iter 3644: loss 7.1806, time 187.60ms, mfu 0.00%
iter 3645: loss 6.1759, time 186.39ms, mfu 0.00%
iter 3646: loss 6.7116, time 185.97ms, mfu 0.00%
iter 3647: loss 6.7250, time 186.55ms, mfu 0.00%
iter 3648: loss 6.2785, time 185.36ms, mfu 0.00%
iter 3649: loss 6.1180, time 184.37ms, mfu 0.00%
iter 3650: loss 5.9672, time 180.59ms, mfu 0.00%
iter 3651: loss 6.0105, time 180.96ms, mfu 0.00%
iter 3652: loss 5.9029, time 180.31ms, mfu 0.00%
iter 3653: loss 6.5247, time 185.88ms, mfu 0.00%
iter 3654: loss 7.0453, time 187.84ms, mfu 0.00%
iter 3655: loss 5.4471, time 186.85ms, mfu 0.00%
iter 3656: loss 6.0318, time 187.22ms, mfu 0.00%
iter 3657: loss 6.6409, time 188.99ms, mfu 0.00%
iter 3658: loss 6.3748, time 199.83ms, mfu 0.00%
iter 3659: loss 5.9096, time 194.41ms, mfu 0.00%
iter 3660: loss 6.2668, time 197.88ms, mfu 0.00%
iter 3661: loss 6.1352, time 190.56ms, mfu 0.00%
iter 3662: loss 7.2173, time 183.57ms, mfu 0.00%
iter 3663: loss 5.9741, time 164.99ms, mfu 0.00%
iter 3664: loss 6.7361, time 190.59ms, mfu 0.00%
iter 3665: loss 6.2645, time 183.09ms, mfu 0.00%
iter 3666: loss 5.9657, time 165.34ms, mfu 0.00%
iter 3667: loss 6.4273, time 188.54ms, mfu 0.00%
iter 3668: loss 7.1803, time 181.91ms, mfu 0.00%
iter 3669: loss 6.6202, time 185.54ms, mfu 0.00%
iter 3670: loss 7.0849, time 185.73ms, mfu 0.00%
iter 3671: loss 8.0287, time 167.15ms, mfu 0.00%
iter 3672: loss 6.0409, time 166.25ms, mfu 0.00%
iter 3673: loss 5.9157, time 180.70ms, mfu 0.00%
iter 3674: loss 6.0327, time 180.22ms, mfu 0.00%
iter 3675: loss 6.1836, time 184.34ms, mfu 0.00%
iter 3676: loss 6.1636, time 182.35ms, mfu 0.00%
iter 3677: loss 6.0855, time 164.62ms, mfu 0.00%
iter 3678: loss 6.4072, time 177.41ms, mfu 0.00%
iter 3679: loss 6.4969, time 177.24ms, mfu 0.00%
iter 3680: loss 6.0405, time 176.85ms, mfu 0.00%
iter 3681: loss 6.4118, time 177.84ms, mfu 0.00%
iter 3682: loss 6.6378, time 190.14ms, mfu 0.00%
iter 3683: loss 6.4253, time 176.69ms, mfu 0.00%
iter 3684: loss 6.1474, time 173.87ms, mfu 0.00%
iter 3685: loss 6.3734, time 172.86ms, mfu 0.00%
iter 3686: loss 6.5254, time 172.64ms, mfu 0.00%
iter 3687: loss 6.6282, time 173.84ms, mfu 0.00%
iter 3688: loss 6.3598, time 172.81ms, mfu 0.00%
iter 3689: loss 7.0279, time 173.43ms, mfu 0.00%
iter 3690: loss 6.6427, time 172.88ms, mfu 0.00%
iter 3691: loss 6.4712, time 173.15ms, mfu 0.00%
iter 3692: loss 5.8347, time 172.65ms, mfu 0.00%
iter 3693: loss 6.0025, time 173.24ms, mfu 0.00%
iter 3694: loss 6.1139, time 173.90ms, mfu 0.00%
iter 3695: loss 5.9717, time 172.71ms, mfu 0.00%
iter 3696: loss 6.6788, time 173.26ms, mfu 0.00%
iter 3697: loss 6.1183, time 172.76ms, mfu 0.00%
iter 3698: loss 6.3033, time 173.30ms, mfu 0.00%
iter 3699: loss 7.2454, time 172.64ms, mfu 0.00%
iter 3700: loss 6.1662, time 173.83ms, mfu 0.00%
iter 3701: loss 6.3243, time 173.09ms, mfu 0.00%
iter 3702: loss 6.4107, time 172.73ms, mfu 0.00%
iter 3703: loss 7.2945, time 173.17ms, mfu 0.00%
iter 3704: loss 5.7197, time 174.57ms, mfu 0.00%
iter 3705: loss 6.1623, time 172.84ms, mfu 0.00%
iter 3706: loss 6.6695, time 173.99ms, mfu 0.00%
iter 3707: loss 6.1107, time 173.31ms, mfu 0.00%
iter 3708: loss 6.7854, time 174.03ms, mfu 0.00%
iter 3709: loss 6.7452, time 173.22ms, mfu 0.00%
iter 3710: loss 6.0246, time 172.72ms, mfu 0.00%
iter 3711: loss 6.5926, time 172.96ms, mfu 0.00%
iter 3712: loss 5.4485, time 173.19ms, mfu 0.00%
iter 3713: loss 6.0691, time 172.61ms, mfu 0.00%
iter 3714: loss 6.2517, time 173.18ms, mfu 0.00%
iter 3715: loss 6.4963, time 173.40ms, mfu 0.00%
iter 3716: loss 5.7787, time 172.40ms, mfu 0.00%
iter 3717: loss 6.5032, time 172.52ms, mfu 0.00%
iter 3718: loss 6.4885, time 172.45ms, mfu 0.00%
iter 3719: loss 6.4374, time 172.70ms, mfu 0.00%
iter 3720: loss 6.4834, time 172.57ms, mfu 0.00%
iter 3721: loss 6.0197, time 172.40ms, mfu 0.00%
iter 3722: loss 6.7762, time 172.27ms, mfu 0.00%
iter 3723: loss 5.6577, time 172.47ms, mfu 0.00%
iter 3724: loss 6.2441, time 172.62ms, mfu 0.00%
iter 3725: loss 6.2703, time 172.46ms, mfu 0.00%
iter 3726: loss 6.3161, time 172.95ms, mfu 0.00%
iter 3727: loss 6.1669, time 172.82ms, mfu 0.00%
iter 3728: loss 5.7583, time 172.64ms, mfu 0.00%
iter 3729: loss 6.1906, time 172.66ms, mfu 0.00%
iter 3730: loss 6.5588, time 172.39ms, mfu 0.00%
iter 3731: loss 6.2239, time 172.62ms, mfu 0.00%
iter 3732: loss 5.5553, time 172.34ms, mfu 0.00%
iter 3733: loss 5.7419, time 172.43ms, mfu 0.00%
iter 3734: loss 6.3310, time 172.32ms, mfu 0.00%
iter 3735: loss 5.3401, time 172.49ms, mfu 0.00%
iter 3736: loss 5.5596, time 172.47ms, mfu 0.00%
iter 3737: loss 5.7437, time 172.54ms, mfu 0.00%
iter 3738: loss 5.9651, time 172.82ms, mfu 0.00%
iter 3739: loss 6.2070, time 172.44ms, mfu 0.00%
iter 3740: loss 6.6757, time 175.90ms, mfu 0.00%
iter 3741: loss 6.5751, time 172.55ms, mfu 0.00%
iter 3742: loss 6.2930, time 172.42ms, mfu 0.00%
iter 3743: loss 6.2488, time 172.73ms, mfu 0.00%
iter 3744: loss 5.6253, time 172.69ms, mfu 0.00%
iter 3745: loss 6.3422, time 172.57ms, mfu 0.00%
iter 3746: loss 5.9423, time 172.48ms, mfu 0.00%
iter 3747: loss 6.1363, time 172.42ms, mfu 0.00%
iter 3748: loss 6.2047, time 172.67ms, mfu 0.00%
iter 3749: loss 6.9315, time 172.70ms, mfu 0.00%
iter 3750: loss 7.3832, time 172.58ms, mfu 0.00%
iter 3751: loss 6.1202, time 172.32ms, mfu 0.00%
iter 3752: loss 5.7379, time 172.49ms, mfu 0.00%
iter 3753: loss 6.1468, time 172.59ms, mfu 0.00%
iter 3754: loss 5.8852, time 172.79ms, mfu 0.00%
iter 3755: loss 6.1297, time 172.68ms, mfu 0.00%
iter 3756: loss 5.8787, time 172.32ms, mfu 0.00%
iter 3757: loss 5.9974, time 172.70ms, mfu 0.00%
iter 3758: loss 5.3572, time 172.46ms, mfu 0.00%
iter 3759: loss 6.0177, time 172.50ms, mfu 0.00%
iter 3760: loss 6.1556, time 172.40ms, mfu 0.00%
iter 3761: loss 6.6589, time 172.71ms, mfu 0.00%
iter 3762: loss 6.6861, time 172.65ms, mfu 0.00%
iter 3763: loss 6.9877, time 172.73ms, mfu 0.00%
iter 3764: loss 5.8052, time 172.51ms, mfu 0.00%
iter 3765: loss 5.4651, time 172.87ms, mfu 0.00%
iter 3766: loss 8.2693, time 172.74ms, mfu 0.00%
iter 3767: loss 6.8311, time 173.05ms, mfu 0.00%
iter 3768: loss 5.7419, time 172.47ms, mfu 0.00%
iter 3769: loss 6.2619, time 172.52ms, mfu 0.00%
iter 3770: loss 6.8145, time 172.66ms, mfu 0.00%
iter 3771: loss 6.7248, time 172.61ms, mfu 0.00%
iter 3772: loss 5.8301, time 173.02ms, mfu 0.00%
iter 3773: loss 6.0696, time 172.37ms, mfu 0.00%
iter 3774: loss 6.4022, time 172.51ms, mfu 0.00%
iter 3775: loss 6.4338, time 172.58ms, mfu 0.00%
iter 3776: loss 6.6798, time 172.59ms, mfu 0.00%
iter 3777: loss 6.6861, time 172.88ms, mfu 0.00%
iter 3778: loss 6.0052, time 172.57ms, mfu 0.00%
iter 3779: loss 5.6406, time 172.48ms, mfu 0.00%
iter 3780: loss 6.7242, time 172.33ms, mfu 0.00%
iter 3781: loss 6.0575, time 172.73ms, mfu 0.00%
iter 3782: loss 5.7712, time 172.52ms, mfu 0.00%
iter 3783: loss 8.6972, time 172.84ms, mfu 0.00%
iter 3784: loss 7.4853, time 172.79ms, mfu 0.00%
iter 3785: loss 6.9372, time 172.51ms, mfu 0.00%
iter 3786: loss 7.7933, time 172.59ms, mfu 0.00%
iter 3787: loss 6.2037, time 172.74ms, mfu 0.00%
iter 3788: loss 6.3663, time 172.45ms, mfu 0.00%
iter 3789: loss 5.8186, time 172.64ms, mfu 0.00%
iter 3790: loss 8.0828, time 172.63ms, mfu 0.00%
iter 3791: loss 6.1993, time 172.67ms, mfu 0.00%
iter 3792: loss 6.2566, time 174.02ms, mfu 0.00%
iter 3793: loss 6.3031, time 173.93ms, mfu 0.00%
iter 3794: loss 7.2230, time 174.02ms, mfu 0.00%
iter 3795: loss 6.6544, time 173.78ms, mfu 0.00%
iter 3796: loss 6.2882, time 173.49ms, mfu 0.00%
iter 3797: loss 6.7908, time 173.41ms, mfu 0.00%
iter 3798: loss 5.9998, time 173.40ms, mfu 0.00%
iter 3799: loss 6.6486, time 172.80ms, mfu 0.00%
iter 3800: loss 5.8659, time 173.61ms, mfu 0.00%
iter 3801: loss 6.3659, time 173.81ms, mfu 0.00%
iter 3802: loss 6.6214, time 173.26ms, mfu 0.00%
iter 3803: loss 6.2345, time 173.51ms, mfu 0.00%
iter 3804: loss 6.3095, time 173.12ms, mfu 0.00%
iter 3805: loss 6.1251, time 173.15ms, mfu 0.00%
iter 3806: loss 6.0999, time 174.58ms, mfu 0.00%
iter 3807: loss 6.1134, time 173.58ms, mfu 0.00%
iter 3808: loss 6.0379, time 172.87ms, mfu 0.00%
iter 3809: loss 6.4874, time 173.36ms, mfu 0.00%
iter 3810: loss 5.8703, time 173.50ms, mfu 0.00%
iter 3811: loss 5.6319, time 173.37ms, mfu 0.00%
iter 3812: loss 6.1593, time 174.01ms, mfu 0.00%
iter 3813: loss 6.1637, time 173.42ms, mfu 0.00%
iter 3814: loss 6.1484, time 173.12ms, mfu 0.00%
iter 3815: loss 6.3390, time 173.88ms, mfu 0.00%
iter 3816: loss 6.2178, time 173.06ms, mfu 0.00%
iter 3817: loss 5.7206, time 173.34ms, mfu 0.00%
iter 3818: loss 6.4099, time 173.51ms, mfu 0.00%
iter 3819: loss 6.2536, time 175.92ms, mfu 0.00%
iter 3820: loss 5.6777, time 174.75ms, mfu 0.00%
iter 3821: loss 6.5274, time 174.28ms, mfu 0.00%
iter 3822: loss 6.1986, time 173.20ms, mfu 0.00%
iter 3823: loss 5.9148, time 172.92ms, mfu 0.00%
iter 3824: loss 5.8738, time 173.73ms, mfu 0.00%
iter 3825: loss 5.9833, time 174.17ms, mfu 0.00%
iter 3826: loss 6.7784, time 174.86ms, mfu 0.00%
iter 3827: loss 6.3474, time 173.82ms, mfu 0.00%
iter 3828: loss 6.6971, time 173.85ms, mfu 0.00%
iter 3829: loss 6.5126, time 173.61ms, mfu 0.00%
iter 3830: loss 6.3730, time 173.27ms, mfu 0.00%
iter 3831: loss 5.5939, time 173.36ms, mfu 0.00%
iter 3832: loss 6.2747, time 172.90ms, mfu 0.00%
iter 3833: loss 6.1863, time 173.16ms, mfu 0.00%
iter 3834: loss 5.9514, time 173.23ms, mfu 0.00%
iter 3835: loss 5.5156, time 173.20ms, mfu 0.00%
iter 3836: loss 5.4567, time 173.93ms, mfu 0.00%
iter 3837: loss 5.9278, time 172.69ms, mfu 0.00%
iter 3838: loss 5.9572, time 173.14ms, mfu 0.00%
iter 3839: loss 6.1619, time 172.86ms, mfu 0.00%
iter 3840: loss 6.0259, time 173.09ms, mfu 0.00%
iter 3841: loss 6.1157, time 173.24ms, mfu 0.00%
iter 3842: loss 6.3912, time 173.54ms, mfu 0.00%
iter 3843: loss 6.4219, time 173.04ms, mfu 0.00%
iter 3844: loss 6.0397, time 173.00ms, mfu 0.00%
iter 3845: loss 6.9960, time 172.99ms, mfu 0.00%
iter 3846: loss 6.1411, time 173.08ms, mfu 0.00%
iter 3847: loss 6.2435, time 173.04ms, mfu 0.00%
iter 3848: loss 6.2160, time 173.14ms, mfu 0.00%
iter 3849: loss 6.3001, time 172.97ms, mfu 0.00%
iter 3850: loss 6.5305, time 172.59ms, mfu 0.00%
iter 3851: loss 5.9597, time 172.97ms, mfu 0.00%
iter 3852: loss 7.5466, time 173.27ms, mfu 0.00%
iter 3853: loss 6.5033, time 173.46ms, mfu 0.00%
iter 3854: loss 6.3899, time 173.40ms, mfu 0.00%
iter 3855: loss 6.4481, time 174.95ms, mfu 0.00%
iter 3856: loss 6.0785, time 174.06ms, mfu 0.00%
iter 3857: loss 6.0919, time 173.68ms, mfu 0.00%
iter 3858: loss 6.8215, time 173.34ms, mfu 0.00%
iter 3859: loss 6.6000, time 174.73ms, mfu 0.00%
iter 3860: loss 5.7967, time 173.93ms, mfu 0.00%
iter 3861: loss 5.5027, time 173.86ms, mfu 0.00%
iter 3862: loss 5.4062, time 174.59ms, mfu 0.00%
iter 3863: loss 6.5964, time 174.60ms, mfu 0.00%
iter 3864: loss 5.8963, time 173.98ms, mfu 0.00%
iter 3865: loss 6.3649, time 174.06ms, mfu 0.00%
iter 3866: loss 6.3467, time 173.30ms, mfu 0.00%
iter 3867: loss 6.2621, time 173.24ms, mfu 0.00%
iter 3868: loss 6.3794, time 173.61ms, mfu 0.00%
iter 3869: loss 6.3074, time 173.76ms, mfu 0.00%
iter 3870: loss 5.4436, time 173.31ms, mfu 0.00%
iter 3871: loss 5.6570, time 173.05ms, mfu 0.00%
iter 3872: loss 6.8063, time 173.53ms, mfu 0.00%
iter 3873: loss 7.0087, time 173.23ms, mfu 0.00%
iter 3874: loss 6.2443, time 173.54ms, mfu 0.00%
iter 3875: loss 6.4767, time 173.17ms, mfu 0.00%
iter 3876: loss 7.0745, time 173.52ms, mfu 0.00%
iter 3877: loss 5.7201, time 173.13ms, mfu 0.00%
iter 3878: loss 6.3428, time 173.23ms, mfu 0.00%
iter 3879: loss 6.5413, time 172.96ms, mfu 0.00%
iter 3880: loss 6.4424, time 173.10ms, mfu 0.00%
iter 3881: loss 6.1994, time 173.00ms, mfu 0.00%
iter 3882: loss 5.4108, time 173.33ms, mfu 0.00%
iter 3883: loss 6.0834, time 173.00ms, mfu 0.00%
iter 3884: loss 6.4785, time 174.84ms, mfu 0.00%
iter 3885: loss 6.0685, time 173.35ms, mfu 0.00%
iter 3886: loss 6.3706, time 173.74ms, mfu 0.00%
iter 3887: loss 7.6273, time 173.63ms, mfu 0.00%
iter 3888: loss 6.2944, time 173.57ms, mfu 0.00%
iter 3889: loss 7.4191, time 173.52ms, mfu 0.00%
iter 3890: loss 6.6350, time 173.28ms, mfu 0.00%
iter 3891: loss 6.1504, time 173.73ms, mfu 0.00%
iter 3892: loss 5.8512, time 173.63ms, mfu 0.00%
iter 3893: loss 6.0192, time 173.37ms, mfu 0.00%
iter 3894: loss 6.2370, time 173.38ms, mfu 0.00%
iter 3895: loss 5.4191, time 173.46ms, mfu 0.00%
iter 3896: loss 6.3213, time 173.27ms, mfu 0.00%
iter 3897: loss 5.6670, time 173.84ms, mfu 0.00%
iter 3898: loss 6.1056, time 173.59ms, mfu 0.00%
iter 3899: loss 6.2713, time 173.56ms, mfu 0.00%
iter 3900: loss 5.0953, time 173.21ms, mfu 0.00%
iter 3901: loss 7.2848, time 173.38ms, mfu 0.00%
iter 3902: loss 6.8634, time 172.70ms, mfu 0.00%
iter 3903: loss 6.2141, time 173.64ms, mfu 0.00%
iter 3904: loss 6.4524, time 173.53ms, mfu 0.00%
iter 3905: loss 6.5209, time 173.80ms, mfu 0.00%
iter 3906: loss 6.0124, time 173.11ms, mfu 0.00%
iter 3907: loss 6.1266, time 173.19ms, mfu 0.00%
iter 3908: loss 5.9562, time 174.13ms, mfu 0.00%
iter 3909: loss 6.9784, time 173.22ms, mfu 0.00%
iter 3910: loss 6.3148, time 173.64ms, mfu 0.00%
iter 3911: loss 6.1092, time 173.96ms, mfu 0.00%
iter 3912: loss 6.5709, time 173.94ms, mfu 0.00%
iter 3913: loss 5.9427, time 173.47ms, mfu 0.00%
iter 3914: loss 6.2011, time 173.38ms, mfu 0.00%
iter 3915: loss 5.8267, time 173.78ms, mfu 0.00%
iter 3916: loss 5.7811, time 173.65ms, mfu 0.00%
iter 3917: loss 6.9855, time 173.29ms, mfu 0.00%
iter 3918: loss 5.3406, time 173.48ms, mfu 0.00%
iter 3919: loss 6.0440, time 173.51ms, mfu 0.00%
iter 3920: loss 5.6493, time 173.26ms, mfu 0.00%
iter 3921: loss 6.2732, time 173.52ms, mfu 0.00%
iter 3922: loss 7.4672, time 173.52ms, mfu 0.00%
iter 3923: loss 6.5073, time 173.70ms, mfu 0.00%
iter 3924: loss 5.8479, time 173.27ms, mfu 0.00%
iter 3925: loss 6.8469, time 173.43ms, mfu 0.00%
iter 3926: loss 6.7743, time 173.78ms, mfu 0.00%
iter 3927: loss 5.9138, time 173.39ms, mfu 0.00%
iter 3928: loss 6.0927, time 173.71ms, mfu 0.00%
iter 3929: loss 6.2047, time 173.62ms, mfu 0.00%
iter 3930: loss 6.1089, time 173.66ms, mfu 0.00%
iter 3931: loss 6.1540, time 173.98ms, mfu 0.00%
iter 3932: loss 5.8040, time 173.72ms, mfu 0.00%
iter 3933: loss 5.6255, time 174.53ms, mfu 0.00%
iter 3934: loss 5.9505, time 173.24ms, mfu 0.00%
iter 3935: loss 6.0830, time 174.76ms, mfu 0.00%
iter 3936: loss 6.4644, time 174.54ms, mfu 0.00%
iter 3937: loss 7.1148, time 174.30ms, mfu 0.00%
iter 3938: loss 5.8936, time 173.29ms, mfu 0.00%
iter 3939: loss 6.4191, time 173.39ms, mfu 0.00%
iter 3940: loss 6.5941, time 174.77ms, mfu 0.00%
iter 3941: loss 5.8920, time 175.75ms, mfu 0.00%
iter 3942: loss 6.2771, time 176.03ms, mfu 0.00%
iter 3943: loss 5.8114, time 173.89ms, mfu 0.00%
iter 3944: loss 6.3615, time 173.21ms, mfu 0.00%
iter 3945: loss 6.3790, time 173.33ms, mfu 0.00%
iter 3946: loss 6.1280, time 174.03ms, mfu 0.00%
iter 3947: loss 6.0339, time 174.10ms, mfu 0.00%
iter 3948: loss 6.4094, time 174.93ms, mfu 0.00%
iter 3949: loss 6.6723, time 175.63ms, mfu 0.00%
iter 3950: loss 6.3877, time 174.84ms, mfu 0.00%
iter 3951: loss 6.2633, time 174.15ms, mfu 0.00%
iter 3952: loss 5.7414, time 173.31ms, mfu 0.00%
iter 3953: loss 6.5405, time 173.77ms, mfu 0.00%
iter 3954: loss 6.3156, time 174.61ms, mfu 0.00%
iter 3955: loss 7.2710, time 174.61ms, mfu 0.00%
iter 3956: loss 5.8257, time 173.95ms, mfu 0.00%
iter 3957: loss 6.4933, time 174.34ms, mfu 0.00%
iter 3958: loss 6.7580, time 173.32ms, mfu 0.00%
iter 3959: loss 6.0847, time 174.35ms, mfu 0.00%
iter 3960: loss 6.5504, time 172.93ms, mfu 0.00%
iter 3961: loss 6.7640, time 173.36ms, mfu 0.00%
iter 3962: loss 6.5412, time 173.63ms, mfu 0.00%
iter 3963: loss 7.4830, time 173.97ms, mfu 0.00%
iter 3964: loss 6.1424, time 174.02ms, mfu 0.00%
iter 3965: loss 5.9994, time 176.06ms, mfu 0.00%
iter 3966: loss 6.4301, time 173.26ms, mfu 0.00%
iter 3967: loss 5.9974, time 173.33ms, mfu 0.00%
iter 3968: loss 5.9993, time 177.66ms, mfu 0.00%
iter 3969: loss 6.3121, time 180.54ms, mfu 0.00%
iter 3970: loss 6.5054, time 180.82ms, mfu 0.00%
iter 3971: loss 6.3586, time 187.07ms, mfu 0.00%
iter 3972: loss 5.7283, time 186.42ms, mfu 0.00%
iter 3973: loss 5.6576, time 185.82ms, mfu 0.00%
iter 3974: loss 6.1141, time 185.67ms, mfu 0.00%
iter 3975: loss 6.1524, time 186.54ms, mfu 0.00%
iter 3976: loss 6.0379, time 185.77ms, mfu 0.00%
iter 3977: loss 5.7385, time 186.36ms, mfu 0.00%
iter 3978: loss 8.0802, time 186.24ms, mfu 0.00%
iter 3979: loss 5.8965, time 185.76ms, mfu 0.00%
iter 3980: loss 6.3316, time 186.83ms, mfu 0.00%
iter 3981: loss 6.4612, time 186.54ms, mfu 0.00%
iter 3982: loss 6.0014, time 186.49ms, mfu 0.00%
iter 3983: loss 6.0561, time 191.16ms, mfu 0.00%
iter 3984: loss 6.0398, time 185.95ms, mfu 0.00%
iter 3985: loss 6.0991, time 185.31ms, mfu 0.00%
iter 3986: loss 5.8304, time 182.53ms, mfu 0.00%
iter 3987: loss 6.1144, time 191.24ms, mfu 0.00%
iter 3988: loss 6.1821, time 189.89ms, mfu 0.00%
iter 3989: loss 6.5071, time 195.16ms, mfu 0.00%
iter 3990: loss 6.6205, time 197.40ms, mfu 0.00%
iter 3991: loss 6.5608, time 197.96ms, mfu 0.00%
iter 3992: loss 6.3226, time 198.53ms, mfu 0.00%
iter 3993: loss 6.6863, time 197.51ms, mfu 0.00%
iter 3994: loss 6.1657, time 199.14ms, mfu 0.00%
iter 3995: loss 5.9929, time 197.73ms, mfu 0.00%
iter 3996: loss 6.2293, time 197.51ms, mfu 0.00%
iter 3997: loss 5.7495, time 198.18ms, mfu 0.00%
iter 3998: loss 5.7544, time 194.90ms, mfu 0.00%
iter 3999: loss 6.7889, time 200.77ms, mfu 0.00%
step 4000: train loss 6.2527, val loss 6.3091
saving checkpoint to out_ebt_openwebtext
iter 4000: loss 6.0054, time 44675.91ms, mfu 0.00%
iter 4001: loss 6.2579, time 152.55ms, mfu 0.00%
iter 4002: loss 6.1953, time 165.23ms, mfu 0.00%
iter 4003: loss 6.7351, time 167.62ms, mfu 0.00%
iter 4004: loss 5.7798, time 189.84ms, mfu 0.00%
iter 4005: loss 6.3183, time 189.97ms, mfu 0.00%
iter 4006: loss 7.0639, time 190.49ms, mfu 0.00%
iter 4007: loss 6.6714, time 190.99ms, mfu 0.00%
iter 4008: loss 6.4186, time 190.38ms, mfu 0.00%
iter 4009: loss 6.1407, time 190.56ms, mfu 0.00%
iter 4010: loss 5.7850, time 190.52ms, mfu 0.00%
iter 4011: loss 5.4702, time 190.11ms, mfu 0.00%
iter 4012: loss 6.1141, time 190.41ms, mfu 0.00%
iter 4013: loss 6.1578, time 191.39ms, mfu 0.00%
iter 4014: loss 6.1138, time 191.02ms, mfu 0.00%
iter 4015: loss 6.4377, time 190.97ms, mfu 0.00%
iter 4016: loss 6.1600, time 190.71ms, mfu 0.00%
iter 4017: loss 6.0931, time 189.91ms, mfu 0.00%
iter 4018: loss 6.1928, time 190.94ms, mfu 0.00%
iter 4019: loss 6.4004, time 191.59ms, mfu 0.00%
iter 4020: loss 6.4753, time 190.88ms, mfu 0.00%
iter 4021: loss 6.8146, time 190.26ms, mfu 0.00%
iter 4022: loss 6.4889, time 190.65ms, mfu 0.00%
iter 4023: loss 5.6614, time 190.15ms, mfu 0.00%
iter 4024: loss 6.2109, time 190.05ms, mfu 0.00%
iter 4025: loss 6.2071, time 190.30ms, mfu 0.00%
iter 4026: loss 6.3913, time 190.11ms, mfu 0.00%
iter 4027: loss 6.1765, time 190.25ms, mfu 0.00%
iter 4028: loss 6.4651, time 186.80ms, mfu 0.00%
iter 4029: loss 6.8655, time 187.05ms, mfu 0.00%
iter 4030: loss 6.2944, time 186.89ms, mfu 0.00%
iter 4031: loss 5.8531, time 186.90ms, mfu 0.00%
iter 4032: loss 6.3161, time 187.98ms, mfu 0.00%
iter 4033: loss 6.6181, time 179.81ms, mfu 0.00%
iter 4034: loss 6.4368, time 190.15ms, mfu 0.00%
iter 4035: loss 5.6574, time 190.71ms, mfu 0.00%
iter 4036: loss 6.8714, time 190.72ms, mfu 0.00%
iter 4037: loss 6.4029, time 190.28ms, mfu 0.00%
iter 4038: loss 6.3552, time 190.16ms, mfu 0.00%
iter 4039: loss 5.6252, time 189.92ms, mfu 0.00%
iter 4040: loss 5.9471, time 190.78ms, mfu 0.00%
iter 4041: loss 6.2400, time 190.06ms, mfu 0.00%
iter 4042: loss 6.4404, time 189.92ms, mfu 0.00%
iter 4043: loss 5.8973, time 190.31ms, mfu 0.00%
iter 4044: loss 6.0793, time 190.31ms, mfu 0.00%
iter 4045: loss 6.2197, time 187.38ms, mfu 0.00%
iter 4046: loss 6.3022, time 191.55ms, mfu 0.00%
iter 4047: loss 6.1775, time 190.04ms, mfu 0.00%
iter 4048: loss 6.0048, time 191.06ms, mfu 0.00%
iter 4049: loss 6.2931, time 187.36ms, mfu 0.00%
iter 4050: loss 6.3393, time 187.19ms, mfu 0.00%
iter 4051: loss 6.6449, time 187.34ms, mfu 0.00%
iter 4052: loss 6.1893, time 188.49ms, mfu 0.00%
iter 4053: loss 5.8877, time 187.71ms, mfu 0.00%
iter 4054: loss 6.2351, time 187.38ms, mfu 0.00%
iter 4055: loss 5.9590, time 186.98ms, mfu 0.00%
iter 4056: loss 7.0579, time 186.44ms, mfu 0.00%
iter 4057: loss 6.5331, time 187.28ms, mfu 0.00%
iter 4058: loss 6.6218, time 187.38ms, mfu 0.00%
iter 4059: loss 5.9017, time 187.01ms, mfu 0.00%
iter 4060: loss 7.3679, time 186.78ms, mfu 0.00%
iter 4061: loss 6.2755, time 187.04ms, mfu 0.00%
iter 4062: loss 7.2517, time 186.31ms, mfu 0.00%
iter 4063: loss 6.0777, time 186.83ms, mfu 0.00%
iter 4064: loss 6.1564, time 186.87ms, mfu 0.00%
iter 4065: loss 6.2838, time 186.41ms, mfu 0.00%
iter 4066: loss 6.6241, time 187.42ms, mfu 0.00%
iter 4067: loss 6.3139, time 187.82ms, mfu 0.00%
iter 4068: loss 6.0068, time 190.41ms, mfu 0.00%
iter 4069: loss 6.8676, time 190.11ms, mfu 0.00%
iter 4070: loss 6.3274, time 190.73ms, mfu 0.00%
iter 4071: loss 5.9726, time 188.31ms, mfu 0.00%
iter 4072: loss 6.2721, time 186.32ms, mfu 0.00%
iter 4073: loss 6.0806, time 186.53ms, mfu 0.00%
iter 4074: loss 6.5956, time 186.27ms, mfu 0.00%
iter 4075: loss 5.8123, time 186.84ms, mfu 0.00%
iter 4076: loss 6.2315, time 186.95ms, mfu 0.00%
iter 4077: loss 5.6984, time 187.49ms, mfu 0.00%
iter 4078: loss 6.1378, time 187.50ms, mfu 0.00%
iter 4079: loss 6.6741, time 185.99ms, mfu 0.00%
iter 4080: loss 5.6720, time 187.38ms, mfu 0.00%
iter 4081: loss 5.9225, time 197.38ms, mfu 0.00%
iter 4082: loss 6.4957, time 202.79ms, mfu 0.00%
iter 4083: loss 5.7155, time 193.14ms, mfu 0.00%
iter 4084: loss 6.6145, time 196.68ms, mfu 0.00%
iter 4085: loss 5.6733, time 188.10ms, mfu 0.00%
iter 4086: loss 6.4192, time 186.42ms, mfu 0.00%
iter 4087: loss 6.3216, time 164.12ms, mfu 0.00%
iter 4088: loss 5.8607, time 190.23ms, mfu 0.00%
iter 4089: loss 6.8429, time 180.34ms, mfu 0.00%
iter 4090: loss 5.9646, time 169.00ms, mfu 0.00%
iter 4091: loss 6.3890, time 181.65ms, mfu 0.00%
iter 4092: loss 7.9353, time 181.32ms, mfu 0.00%
iter 4093: loss 6.8805, time 181.29ms, mfu 0.00%
iter 4094: loss 6.1441, time 185.54ms, mfu 0.00%
iter 4095: loss 6.2743, time 187.77ms, mfu 0.00%
iter 4096: loss 6.7098, time 153.23ms, mfu 0.00%
iter 4097: loss 6.1878, time 160.16ms, mfu 0.00%
iter 4098: loss 6.0978, time 167.86ms, mfu 0.00%
iter 4099: loss 6.5299, time 181.16ms, mfu 0.00%
iter 4100: loss 5.8487, time 180.58ms, mfu 0.00%
iter 4101: loss 6.4196, time 180.78ms, mfu 0.00%
iter 4102: loss 5.7880, time 183.78ms, mfu 0.00%
iter 4103: loss 6.1934, time 200.68ms, mfu 0.00%
iter 4104: loss 6.2032, time 197.71ms, mfu 0.00%
iter 4105: loss 6.6369, time 194.12ms, mfu 0.00%
iter 4106: loss 6.1789, time 190.51ms, mfu 0.00%
iter 4107: loss 6.1762, time 192.37ms, mfu 0.00%
iter 4108: loss 6.3281, time 191.76ms, mfu 0.00%
iter 4109: loss 6.0014, time 187.20ms, mfu 0.00%
iter 4110: loss 6.7634, time 187.26ms, mfu 0.00%
iter 4111: loss 6.1646, time 187.09ms, mfu 0.00%
iter 4112: loss 6.0654, time 183.72ms, mfu 0.00%
iter 4113: loss 6.1987, time 173.58ms, mfu 0.00%
iter 4114: loss 6.0503, time 173.20ms, mfu 0.00%
iter 4115: loss 6.5351, time 173.03ms, mfu 0.00%
iter 4116: loss 6.2902, time 173.21ms, mfu 0.00%
iter 4117: loss 6.3600, time 172.31ms, mfu 0.00%
iter 4118: loss 6.1248, time 173.25ms, mfu 0.00%
iter 4119: loss 6.0045, time 173.54ms, mfu 0.00%
iter 4120: loss 7.0046, time 172.88ms, mfu 0.00%
iter 4121: loss 6.0524, time 172.82ms, mfu 0.00%
iter 4122: loss 6.8742, time 172.53ms, mfu 0.00%
iter 4123: loss 6.6459, time 172.82ms, mfu 0.00%
iter 4124: loss 6.3347, time 172.42ms, mfu 0.00%
iter 4125: loss 6.5930, time 172.63ms, mfu 0.00%
iter 4126: loss 6.1408, time 172.38ms, mfu 0.00%
iter 4127: loss 5.6262, time 173.26ms, mfu 0.00%
iter 4128: loss 6.1436, time 173.15ms, mfu 0.00%
iter 4129: loss 6.1262, time 172.61ms, mfu 0.00%
iter 4130: loss 6.3229, time 173.65ms, mfu 0.00%
iter 4131: loss 6.5416, time 173.45ms, mfu 0.00%
iter 4132: loss 5.9998, time 172.84ms, mfu 0.00%
iter 4133: loss 5.7515, time 172.68ms, mfu 0.00%
iter 4134: loss 6.3831, time 172.90ms, mfu 0.00%
iter 4135: loss 6.3316, time 172.53ms, mfu 0.00%
iter 4136: loss 5.9137, time 172.57ms, mfu 0.00%
iter 4137: loss 6.3024, time 172.33ms, mfu 0.00%
